CookerStat, GenerateAssetRegistry=0.028223, Initialize=0.145160, RunGuid=RunID6C10D99643C7542017DE1DAC4F0603A7
DDCTransactionId126478A04F40E8BCAB5B5CB83F81C733_0, BuildTexture=, CacheKey=TEXTURE_814DCC3DC72143F49509781513CB9855_AutoDXT_CF42979D4C189447D5D7398920532C3D_07_0000803F0000803F0000803F000000000000803F00000000000000000000803F0000000000000000020000000E000000000000000101000000040000803FFFFFFFFF00000000FF00FF00FFFF8180803B, StartTime=2016.05.04-15.46.44, Duration=0.626452, RunGuid=RunID6C10D99643C7542017DE1DAC4F0603A7
DDCTransactionIdB5C06A0543E42048D12823B7066DB5FB_0, PutCachedData=, CacheKey=TEXTURE_814DCC3DC72143F49509781513CB9855_AutoDXT_CF42979D4C189447D5D7398920532__FA29B1CED598FE8B243F816407EA6167D0320F6B, StartTime=2016.05.04-15.46.44, HierarchicalDDC=, DataSize=6014, Duration=4.083842, RunGuid=RunID6C10D99643C7542017DE1DAC4F0603A7
DDCTransactionId126478A04F40E8BCAB5B5CB83F81C733_1, BuildTexture=, CacheKey=TEXTURE_814DCC3DC72143F49509781513CB9855_DXT1_95FE44BC4C3AF942427110AA6A3EE7FD_07_0000803F0000803F0000803F000000000000803F00000000000000000000803F0000000000000000020000000E000000000000000101000000040000803FFFFFFFFF00000000FF00FF00FFFF8180803B, StartTime=2016.05.04-15.46.44, Duration=0.324402, RunGuid=RunID6C10D99643C7542017DE1DAC4F0603A7
DDCTransactionId89D34B924D4683E9B3F68B861FFE09A2_0, PutCachedData=, CacheKey=TEXTURE_814DCC3DC72143F49509781513CB9855_DXT1_95FE44BC4C3AF942427110AA6A3EE7FD__3BF779AAA01A235AD3B2A1E8DC9D366F2AF6BA79, StartTime=2016.05.04-15.46.44, HierarchicalDDC=, DataSize=3267, Duration=4.069913, RunGuid=RunID6C10D99643C7542017DE1DAC4F0603A7
SavePackageTransactionIdB04BA0614020426EECD1BBB39F80733E_0, Filename=C:/Users/Students/Documents/Unreal Projects/Arvind_VR_Proj/Content/ThirdPersonBP/Blueprints/ThirdPersonCharacter.uasset, AutoPackageBackupDelegate=15.009522, FlushAsyncLoading=0.010632, FlushStreamingFunc=0.048753, BlockTillAllRequestsFinished=0.009164, ResetLoadersForSaveUnMarkAllObjects=0.143323, TagPackageExports=28.839823, BeginCacheForCookedPlatformData=0.005499, SerializeImports=30.109589, GatherLocalizableTextData=26.527929, MarkNames=0.182182, SerializeSummary=0.024926, SerializeNames=0.524547, SerializeGatherableTextData=0.263553, BuildExportMap=0.556804, SortExportsNonSeekfree=5.766720, SortExportsSeekfreeConstructor=0.115469, SortExportsSeekfreeInner=46.579479, SortExportsSeekfree=0.009533, BuildDependencyMap=0.929594, SerializeImportMap=0.039224, SerializeExportMap=0.131227, SerializeDependencyMap=0.025660, SerializeStringAssetReferenceMap=0.003666, SaveThumbNailsAssetRegistryDataWorldLevelInfo=15.186570, SerializeExports=34.863136, SerializeBulkData=0.027489, MoveFile=5.158231, UnaccountedTime=2.803817, RunGuid=RunID6C10D99643C7542017DE1DAC4F0603A7
MaterialTransactionId6D7A49B342624378157C529820F085B5_0, CacheKey=MATSM_4F0644619F9C48FF91E0D494C95EB050_PCD3D_SM5_5__BC5N_DEV_SL_NoDBuf_EARLYZ3552AAFBB4AFC1F242BE67BBA57BF9F7E_Num_SM5__0___TBasePassVSFCachedVolumeIndirectLightingPolicyAtmosphericFog8B18AAF8F9198748E9489BA6EBEFA581D907D7CD2094224222222222222222222222224222222222222222222222222222222222222222222424444444440222222222222222222222244442222222222222222222222222222221240222224222222222222222222222222222222222222222222222222222222000044040000001400000014000000140000001400000014000000_TShadowDepthVSForGSVertexShadowDepth_PerspectiveCorrecttrue4B45B91074D2CFA7ACE4DE03393192218069847A170422422222222222222222222222422222222222222222222222222222222222222222242444444444022222222222222222222224444222222222222222222222222222222124022222222222222222222020040440000001400000014000000140000001400000014000000_TBasePassVSFCachedPointIndirectLightingPolicyAtmosphericFog8B18AAF8F9198748E9489BA6EBEFA581D907D7CD2094224222222222222222222222224222222222222222222222222222222222222222222424444444440222222222222222222222244442222222222222222222222222222221240222224222222222222222222222222222222222222222222222222222222000044040000001400000014000000140000001400000014000000_TShadowDepthPSPixelShadowDepth_NonPerspectiveCorrecttrueCAB07D2D95B9FDBA4D93434B857B7D78E9EF61F717742242222222222222222222222242222222222222222222222222222222222222222224244444444402222222222222222222222444422222222222222222222222222222212402222222222222222222222222222000044040000001400000014000000140000001400000014000000_TShadowDepthVSVertexShadowDepth_PerspectiveCorrecttrue4B45B91074D2CFA7ACE4DE03393192218069847A170422422222222222222222222222422222222222222222222222222222222222222222242444444444022222222222222222222224444222222222222222222222222222222124022222222222222222222020040440000001400000014000000140000001400000014000000_TBasePassPSFCachedVolumeIndirectLightingPolicySkylight8B95D470BB4BF92A5C22A48B60B9DA18A2BE42522144224222222222222222222222224222222222222222222222222222222222222222222424444444440222222222222222222222244442222222222222222222222222222221240222224222222222222222222222222222222222222222222222222222222222202004044001400000014000000140000001400000014000000_TShadowDepthPSPixelShadowDepth_PerspectiveCorrecttrueCAB07D2D95B9FDBA4D93434B857B7D78E9EF61F717742242222222222222222222222242222222222222222222222222222222222222222224244444444402222222222222222222222444422222222222222222222222222222212402222222222222222222222222222000044040000001400000014000000140000001400000014000000_TBasePassVSFSimpleDynamicLightingPolicyAtmosphericFog8B18AAF8F9198748E9489BA6EBEFA581D907D7CD2094224222222222222222222222224222222222222222222222222222222222222222222424444444440222222222222222222222244442222222222222222222222222222221240222224222222222222222222222222222222222222222222222222222222000044040000001400000014000000140000001400000014000000_TBasePassPSFCachedPointIndirectLightingPolicySkylight8B95D470BB4BF92A5C22A48B60B9DA18A2BE42522144224222222222222222222222224222222222222222222222222222222222222222222424444444440222222222222222222222244442222222222222222222222222222221240222224222222222222222222222222222222222222222222222222222222222202004044001400000014000000140000001400000014000000_TShadowDepthVSForGSVertexShadowDepth_OutputDepthtrue4B45B91074D2CFA7ACE4DE03393192218069847A170422422222222222222222222222422222222222222222222222222222222222222222242444444444022222222222222222222224444222222222222222222222222222222124022222222222222222222020040440000001400000014000000140000001400000014000000_TShadowDepthPSPixelShadowDepth_OnePassPointLighttrueCAB07D2D95B9FDBA4D93434B857B7D78E9EF61F717742242222222222222222222222242222222222222222222222222222222222222222224244444444402222222222222222222222444422222222222222222222222222222212402222222222222222222222222222000044040000001400000014000000140000001400000014000000_TShadowDepthVSVertexShadowDepth_OutputDepthtrue4B45B91074D2CFA7ACE4DE03393192218069847A170422422222222222222222222222422222222222222222222222222222222222222222242444444444022222222222222222222224444222222222222222222222222222222124022222222222222222222020040440000001400000014000000140000001400000014000000_TBasePassPSFSimpleDynamicLightingPolicySkylight8B95D470BB4BF92A5C22A48B60B9DA18A2BE42522144224222222222222222222222224222222222222222222222222222222222222222222424444444440222222222222222222222244442222222222222222222222222222221240222224222222222222222222222222222222222222222222222222222222222202004044001400000014000000140000001400000014000000_TBasePassVSFCachedVolumeIndirectLightingPolicy8B18AAF8F9198748E9489BA6EBEFA581D907D7CD2094224222222222222222222222224222222222222222222222222222222222222222222424444444440222222222222222222222244442222222222222222222222222222221240222224222222222222222222222222222222222222222222222222222222000044040000001400000014000000140000001400000014000000_TBasePassPSFCachedVolumeIndirectLightingPolicy8B95D470BB4BF92A5C22A48B60B9DA18A2BE42522144224222222222222222222222224222222222222222222222222222222222222222222424444444440222222222222222222222244442222222222222222222222222222221240222224222222222222222222222222222222222222222222222222222222222202004044001400000014000000140000001400000014000000_TBasePassVSFCachedPointIndirectLightingPolicy8B18AAF8F9198748E9489BA6EBEFA581D907D7CD2094224222222222222222222222224222222222222222222222222222222222222222222424444444440222222222222222222222244442222222222222222222222222222221240222224222222222222222222222222222222222222222222222222222222000044040000001400000014000000140000001400000014000000_TBasePassPSFCachedPointIndirectLightingPolicy8B95D470BB4BF92A5C22A48B60B9DA18A2BE42522144224222222222222222222222224222222222222222222222222222222222222222222424444444440222222222222222222222244442222222222222222222222222222221240222224222222222222222222222222222222222222222222222222222222222202004044001400000014000000140000001400000014000000_TBasePassVSFNoLightMapPolicyAtmosphericFog8B18AAF8F9198748E9489BA6EBEFA581D907D7CD2094224222222222222222222222224222222222222222222222222222222222222222222424444444440222222222222222222222244442222222222222222222222222222221240222224222222222222222222222222222222222222222222222222222222000044040000001400000014000000140000001400000014000000_TBasePassVSFSimpleDynamicLightingPolicy8B18AAF8F9198748E9489BA6EBEFA581D907D7CD2094224222222222222222222222224222222222222222222222222222222222222222222424444444440222222222222222222222244442222222222222222222222222222221240222224222222222222222222222222222222222222222222222222222222000044040000001400000014000000140000001400000014000000_TBasePassPSFSimpleDynamicLightingPolicy8B95D470BB4BF92A5C22A48B60B9DA18A2BE42522144224222222222222222222222224222222222222222222222222222222222222222222424444444440222222222222222222222244442222222222222222222222222222221240222224222222222222222222222222222222222222222222222222222222222202004044001400000014000000140000001400000014000000_TBasePassPSFNoLightMapPolicySkylight8B95D470BB4BF92A5C22A48B60B9DA18A2BE42522144224222222222222222222222224222222222222222222222222222222222222222222424444444440222222222222222222222244442222222222222222222222222222221240222224222222222222222222222222222222222222222222222222222222222202004044001400000014000000140000001400000014000000_TBasePassVSFNoLightMapPolicy8B18AAF8F9198748E9489BA6EBEFA581D907D7CD2094224222222222222222222222224222222222222222222222222222222222222222222424444444440222222222222222222222244442222222222222222222222222222221240222224222222222222222222222222222222222222222222222222222222000044040000001400000014000000140000001400000014000000_TBasePassPSFNoLightMapPolicy8B95D470BB4BF92A5C22A48B60B9DA18A2BE42522144224222222222222222222222224222222222222222222222222222222222222222222424444444440222222222222222222222244442222222222222222222222222222221240222224222222222222222222222222222222222222222222222222222222222202004044001400000014000000140000001400000014000000_FEvaluateSurfelMaterialCS6258113C2EBBF117ED7778A8D1717F7C4F99C7B816742242222222222222222222222242222222222222222222222222222222222222222224244444444402222222222222222222222444422222222222222222222222222222222222222222222222222220000440414000000140000001400000014000000_FConvertToUniformMeshVSE7DF727A12438F2D529D6604B0B1C022849CCFEB152422422222222222222222222222422222222222222222222222222222222222222222242444444444022222222222222222222224444222222222222222222222222222222124022020040441400000014000000140000001400000014000000_FConvertToUniformMeshGSE7DF727A12438F2D529D6604B0B1C022849CCFEB152422422222222222222222222222422222222222222222222222222222222222222222242444444444022222222222222222222224444222222222222222222222222222222124022020040441400000014000000140000001400000014000000_FVelocityVS81DA4B314A9A57ACE05F098D9067A1D6008E0F4915542242222222222222222222222242222222222222222222222222222222222222222224244444444402222222222222222222222444422222222222222222222222222222212402222220000440400001400000014000000140000001400000014000000_FVelocityPS81DA4B314A9A57ACE05F098D9067A1D6008E0F49152422422222222222222222222222422222222222222222222222222222222222222222242444444444022222222222222222222224444222222222222222222222222222222124022020040441400000014000000140000001400000014000000_FHitProxyVS5C0034ED3664D7841C91925A723592E72A2B36DA152422422222222222222222222222422222222222222222222222222222222222222222242444444444022222222222222222222224444222222222222222222222222222222124022020040441400000014000000140000001400000014000000_FHitProxyPS4C4A0D45A86AB444F719FBBE7F5185DFF305E7E115542242222222222222222222222242222222222222222222222222222222222222222224244444444402222222222222222222222444422222222222222222222222222222212402222220000440400001400000014000000140000001400000014000000_VelocityPipelineCFC2B26C85BEC0429A7DDF4C83B44B178985C713_TGPUSkinVertexFactoryfalse6A4FBF2D5FFE1532D4D5F4077DE2FE3E6913685313222222222222020000000_TGPUSkinVertexFactorytrue6A4FBF2D5FFE1532D4D5F4077DE2FE3E6913685313222222222222020000000_FLocalVertexFactory5897CEF715AB93237703E35F9ABEBB43E8E477D3422420000000006480004040404040404040404043434344444343434340404040404040404040434343404040404404040404040404040404040434343444443434343404040404040404040404343434040401610101010100042424444444444444442414141434141414141313141414144434144404444444444444441414141414141414143414341414141414141414141413131444441424144444441410101000444341434141414144444443434143444444440444444444444444444444444444444444444444444444444444444444444444444444444440401010101010101010101010101010101010101010101010121044044444423234141414141414141414141412130121414141414141414044343434344414444444444444444010101010101010101010101010130143414342414141424441413033131314144444444012443432500000010000000100000001000000010000000100000001000000010000000100000001000000010000000100000001000000010000000100000001000000010000000100000001000000010000000100000001000000010000000100000001000000010000000250000001000000010000000100000001000000010000000100000001000000010000000100000001000000010000000100000001000000010000000100000001000000010000000100000001000000010000000100000001000000010000000100000001000000008000000080000000800000008000000080000000800000049000000100000000900000008000000100000001000000010000000260000001800000009000000090000000900000009000000090000000900000009000000090000000900000009000000090000000900000009000000090000000900000009000000090000000900000008000000080000000800000008000000080000000800000013000000100000000A0000001C00000009000000090000000900000009000000090000000900000009000000080000000800000008000000080000000800000008000000080000000D000000080000000C0000000060B6C73AD6555A78369D321CAEC18EF855D9180000000000000000000000000000000000000000, ShaderCompilation=10772.243164, RunGuid=RunID6C10D99643C7542017DE1DAC4F0603A7
DDCTransactionIdB5C06A0543E42048D12823B7066DB5FB_1, PutCachedData=, CacheKey=MATSM_4F0644619F9C48FF91E0D494C95EB050_PCD3D_SM5_5__BC5N_DEV_SL_NoDBuf_EARLYZ3__C46DE493C1F126B7D4B66975DBD33CED3ABC845C, StartTime=2016.05.04-15.53.02, HierarchicalDDC=, DataSize=386143, Duration=5.072821, RunGuid=RunID6C10D99643C7542017DE1DAC4F0603A7
SavePackageTransactionIdB04BA0614020426EECD1BBB39F80733E_1, Filename=C:/Users/Students/Documents/Unreal Projects/Arvind_VR_Proj/Content/ThirdPersonBP/Blueprints/ThirdPersonCharacter.uasset, AutoPackageBackupDelegate=5.367536, FlushAsyncLoading=0.003666, FlushStreamingFunc=0.064515, BlockTillAllRequestsFinished=0.005130, ResetLoadersForSaveUnMarkAllObjects=0.079542, TagPackageExports=12.355261, BeginCacheForCookedPlatformData=0.003666, SerializeImports=14.251847, GatherLocalizableTextData=11.597950, MarkNames=0.086874, SerializeSummary=0.013199, SerializeNames=0.305708, SerializeGatherableTextData=0.164587, BuildExportMap=0.251461, SortExportsNonSeekfree=2.730869, SortExportsSeekfreeConstructor=0.053883, SortExportsSeekfreeInner=20.990681, SortExportsSeekfree=0.005133, BuildDependencyMap=0.249624, SerializeImportMap=0.026029, SerializeExportMap=0.067446, SerializeDependencyMap=0.019792, SerializeStringAssetReferenceMap=0.002932, SaveThumbNailsAssetRegistryDataWorldLevelInfo=11.315334, SerializeExports=17.881151, SerializeBulkData=0.006597, MoveFile=4.032891, UnaccountedTime=1.117639, RunGuid=RunID6C10D99643C7542017DE1DAC4F0603A7
SavePackageTransactionIdB04BA0614020426EECD1BBB39F80733E_2, Filename=C:/Users/Students/Documents/Unreal Projects/Arvind_VR_Proj/Content/ThirdPersonBP/Blueprints/ThirdPersonCharacter.uasset, AutoPackageBackupDelegate=4.970185, FlushAsyncLoading=0.018694, FlushStreamingFunc=0.058651, BlockTillAllRequestsFinished=0.004765, ResetLoadersForSaveUnMarkAllObjects=0.078809, TagPackageExports=11.562031, BeginCacheForCookedPlatformData=0.004031, SerializeImports=12.314577, GatherLocalizableTextData=10.944743, MarkNames=0.076242, SerializeSummary=0.010997, SerializeNames=0.280786, SerializeGatherableTextData=0.139292, BuildExportMap=0.233497, SortExportsNonSeekfree=2.600010, SortExportsSeekfreeConstructor=0.045452, SortExportsSeekfreeInner=18.902388, SortExportsSeekfree=0.004765, BuildDependencyMap=0.120968, SerializeImportMap=0.016496, SerializeExportMap=0.068545, SerializeDependencyMap=0.015028, SerializeStringAssetReferenceMap=0.001468, SaveThumbNailsAssetRegistryDataWorldLevelInfo=8.599494, SerializeExports=15.938018, SerializeBulkData=0.006597, MoveFile=3.385182, UnaccountedTime=0.840519, RunGuid=RunID6C10D99643C7542017DE1DAC4F0603A7
SavePackageTransactionIdB04BA0614020426EECD1BBB39F80733E_3, Filename=C:/Users/Students/Documents/Unreal Projects/Arvind_VR_Proj/Saved/Autosaves/Game/ThirdPersonBP/Blueprints/RunGameMode_Auto1.uasset, AutoPackageBackupDelegate=7.802591, FlushAsyncLoading=0.006597, FlushStreamingFunc=0.045821, BlockTillAllRequestsFinished=0.005499, ResetLoadersForSaveUnMarkAllObjects=0.089806, TagPackageExports=2.141073, BeginCacheForCookedPlatformData=0.001833, SerializeImports=2.601110, GatherLocalizableTextData=1.912344, MarkNames=0.023093, SerializeSummary=0.011362, SerializeNames=0.116564, SerializeGatherableTextData=0.072580, BuildExportMap=0.093840, SortExportsNonSeekfree=0.256225, SortExportsSeekfreeConstructor=0.044353, SortExportsSeekfreeInner=4.807431, SortExportsSeekfree=0.002932, BuildDependencyMap=0.059385, SerializeImportMap=0.009164, SerializeExportMap=0.016127, SerializeDependencyMap=0.004034, SerializeStringAssetReferenceMap=0.001464, SaveThumbNailsAssetRegistryDataWorldLevelInfo=0.406150, SerializeExports=2.926245, SerializeBulkData=0.005867, MoveFile=3.102563, UnaccountedTime=0.124630, RunGuid=RunID6C10D99643C7542017DE1DAC4F0603A7
SavePackageTransactionIdB04BA0614020426EECD1BBB39F80733E_4, Filename=C:/Users/Students/Documents/Unreal Projects/Arvind_VR_Proj/Content/ThirdPersonBP/BP_FloorTile_Down.uasset, AutoPackageBackupDelegate=0.086877, FlushAsyncLoading=0.002932, FlushStreamingFunc=0.041787, BlockTillAllRequestsFinished=0.004400, ResetLoadersForSaveUnMarkAllObjects=0.086509, TagPackageExports=5.899045, BeginCacheForCookedPlatformData=0.002932, SerializeImports=6.414428, GatherLocalizableTextData=7.233325, MarkNames=0.049118, SerializeSummary=0.010632, SerializeNames=0.222135, SerializeGatherableTextData=0.061583, BuildExportMap=0.160184, SortExportsNonSeekfree=0.933263, SortExportsSeekfreeConstructor=0.049852, SortExportsSeekfreeInner=8.683066, SortExportsSeekfree=0.004034, BuildDependencyMap=0.069644, SerializeImportMap=0.012830, SerializeExportMap=0.040319, SerializeDependencyMap=0.010263, SerializeStringAssetReferenceMap=0.001464, SaveThumbNailsAssetRegistryDataWorldLevelInfo=7.670630, SerializeExports=7.821288, SerializeBulkData=0.005499, MoveFile=2.812617, UnaccountedTime=0.818528, RunGuid=RunID6C10D99643C7542017DE1DAC4F0603A7
SavePackageTransactionIdB04BA0614020426EECD1BBB39F80733E_5, Filename=C:/Users/Students/Documents/Unreal Projects/Arvind_VR_Proj/Content/ThirdPersonBP/BP_FloorTile_Down.uasset, AutoPackageBackupDelegate=7.655233, FlushAsyncLoading=0.006232, FlushStreamingFunc=0.045821, BlockTillAllRequestsFinished=0.004031, ResetLoadersForSaveUnMarkAllObjects=0.078078, TagPackageExports=5.834166, BeginCacheForCookedPlatformData=0.003301, SerializeImports=6.478574, GatherLocalizableTextData=7.268515, MarkNames=0.052053, SerializeSummary=0.010263, SerializeNames=0.226900, SerializeGatherableTextData=0.057917, BuildExportMap=0.162750, SortExportsNonSeekfree=0.935830, SortExportsSeekfreeConstructor=0.006963, SortExportsSeekfreeInner=8.983649, SortExportsSeekfree=0.004396, BuildDependencyMap=0.074778, SerializeImportMap=0.013195, SerializeExportMap=0.039957, SerializeDependencyMap=0.010263, SerializeStringAssetReferenceMap=0.001464, SaveThumbNailsAssetRegistryDataWorldLevelInfo=0.965886, SerializeExports=7.893134, SerializeBulkData=0.005864, MoveFile=3.379680, UnaccountedTime=0.127561, RunGuid=RunID6C10D99643C7542017DE1DAC4F0603A7
SavePackageTransactionIdB04BA0614020426EECD1BBB39F80733E_6, Filename=C:/Users/Students/Documents/Unreal Projects/Arvind_VR_Proj/Content/ThirdPersonBP/Blueprints/RunGameMode.uasset, AutoPackageBackupDelegate=8.113798, FlushAsyncLoading=0.005867, FlushStreamingFunc=0.071112, BlockTillAllRequestsFinished=0.004031, ResetLoadersForSaveUnMarkAllObjects=0.083577, TagPackageExports=2.093058, BeginCacheForCookedPlatformData=0.001833, SerializeImports=2.415262, GatherLocalizableTextData=1.829501, MarkNames=0.021994, SerializeSummary=0.009164, SerializeNames=0.102267, SerializeGatherableTextData=0.073679, BuildExportMap=0.104103, SortExportsNonSeekfree=0.250727, SortExportsSeekfreeConstructor=0.044722, SortExportsSeekfreeInner=4.639913, SortExportsSeekfree=0.002932, BuildDependencyMap=0.030424, SerializeImportMap=0.008799, SerializeExportMap=0.016496, SerializeDependencyMap=0.004031, SerializeStringAssetReferenceMap=0.001468, SaveThumbNailsAssetRegistryDataWorldLevelInfo=0.379756, SerializeExports=2.854399, SerializeBulkData=0.003666, MoveFile=3.098894, UnaccountedTime=0.835024, RunGuid=RunID6C10D99643C7542017DE1DAC4F0603A7
SavePackageTransactionIdB04BA0614020426EECD1BBB39F80733E_7, Filename=C:/Users/Students/Documents/Unreal Projects/Arvind_VR_Proj/Content/ThirdPersonBP/Blueprints/RunGameMode.uasset, AutoPackageBackupDelegate=4.919235, FlushAsyncLoading=0.002932, FlushStreamingFunc=0.043988, BlockTillAllRequestsFinished=0.003666, ResetLoadersForSaveUnMarkAllObjects=0.071477, TagPackageExports=2.964735, BeginCacheForCookedPlatformData=0.002198, SerializeImports=3.220961, GatherLocalizableTextData=2.334621, MarkNames=0.052050, SerializeSummary=0.012096, SerializeNames=0.196110, SerializeGatherableTextData=0.010263, BuildExportMap=0.116933, SortExportsNonSeekfree=0.340533, SortExportsSeekfreeConstructor=0.049122, SortExportsSeekfreeInner=5.281027, SortExportsSeekfree=0.002563, BuildDependencyMap=0.034459, SerializeImportMap=0.052784, SerializeExportMap=0.031158, SerializeDependencyMap=0.004031, SerializeStringAssetReferenceMap=0.001099, SaveThumbNailsAssetRegistryDataWorldLevelInfo=0.460032, SerializeExports=3.689427, SerializeBulkData=0.006597, MoveFile=3.433932, UnaccountedTime=0.801668, RunGuid=RunID6C10D99643C7542017DE1DAC4F0603A7
SavePackageTransactionIdB04BA0614020426EECD1BBB39F80733E_8, Filename=C:/Users/Students/Documents/Unreal Projects/Arvind_VR_Proj/Content/ThirdPersonBP/Blueprints/RunGameMode.uasset, AutoPackageBackupDelegate=4.909702, FlushAsyncLoading=0.003301, FlushStreamingFunc=0.043254, BlockTillAllRequestsFinished=0.004031, ResetLoadersForSaveUnMarkAllObjects=0.073679, TagPackageExports=3.752109, BeginCacheForCookedPlatformData=0.002198, SerializeImports=3.330927, GatherLocalizableTextData=2.487108, MarkNames=0.025660, SerializeSummary=0.009164, SerializeNames=0.178147, SerializeGatherableTextData=0.012100, BuildExportMap=0.112899, SortExportsNonSeekfree=0.386722, SortExportsSeekfreeConstructor=0.042886, SortExportsSeekfreeInner=5.359836, SortExportsSeekfree=0.002567, BuildDependencyMap=0.037022, SerializeImportMap=0.010263, SerializeExportMap=0.020895, SerializeDependencyMap=0.004034, SerializeStringAssetReferenceMap=0.001464, SaveThumbNailsAssetRegistryDataWorldLevelInfo=0.482395, SerializeExports=3.808554, SerializeBulkData=0.004031, MoveFile=3.619414, UnaccountedTime=0.734583, RunGuid=RunID6C10D99643C7542017DE1DAC4F0603A7
SavePackageTransactionIdB04BA0614020426EECD1BBB39F80733E_9, Filename=C:/Users/Students/Documents/Unreal Projects/Arvind_VR_Proj/Content/ThirdPersonBP/BP_FloorTile_Down.uasset, AutoPackageBackupDelegate=8.953225, FlushAsyncLoading=0.006597, FlushStreamingFunc=0.072580, BlockTillAllRequestsFinished=0.005499, ResetLoadersForSaveUnMarkAllObjects=0.080276, TagPackageExports=6.421395, BeginCacheForCookedPlatformData=0.002567, SerializeImports=6.460983, GatherLocalizableTextData=7.822752, MarkNames=0.052784, SerializeSummary=0.011366, SerializeNames=0.221033, SerializeGatherableTextData=0.060119, BuildExportMap=0.166416, SortExportsNonSeekfree=0.933260, SortExportsSeekfreeConstructor=0.048388, SortExportsSeekfreeInner=8.744650, SortExportsSeekfree=0.003666, BuildDependencyMap=0.067815, SerializeImportMap=0.013929, SerializeExportMap=0.039954, SerializeDependencyMap=0.020161, SerializeStringAssetReferenceMap=0.002198, SaveThumbNailsAssetRegistryDataWorldLevelInfo=7.563595, SerializeExports=8.163288, SerializeBulkData=0.006232, MoveFile=3.183573, UnaccountedTime=0.170082, RunGuid=RunID6C10D99643C7542017DE1DAC4F0603A7
SavePackageTransactionIdB04BA0614020426EECD1BBB39F80733E_10, Filename=C:/Users/Students/Documents/Unreal Projects/Arvind_VR_Proj/Saved/Autosaves/Game/ThirdPersonBP/Blueprints/RunGameMode_Auto2.uasset, AutoPackageBackupDelegate=10.830377, FlushAsyncLoading=0.006229, FlushStreamingFunc=0.049487, BlockTillAllRequestsFinished=0.004765, ResetLoadersForSaveUnMarkAllObjects=0.100806, TagPackageExports=3.042813, BeginCacheForCookedPlatformData=0.002202, SerializeImports=3.870502, GatherLocalizableTextData=2.543192, MarkNames=0.026394, SerializeSummary=0.010263, SerializeNames=0.182547, SerializeGatherableTextData=0.012461, BuildExportMap=0.114001, SortExportsNonSeekfree=0.394419, SortExportsSeekfreeConstructor=0.043988, SortExportsSeekfreeInner=5.353239, SortExportsSeekfree=0.002567, BuildDependencyMap=0.037387, SerializeImportMap=0.010628, SerializeExportMap=0.020895, SerializeDependencyMap=0.004031, SerializeStringAssetReferenceMap=0.001468, SaveThumbNailsAssetRegistryDataWorldLevelInfo=0.480928, SerializeExports=3.725346, SerializeBulkData=0.004400, MoveFile=4.891738, UnaccountedTime=0.182915, RunGuid=RunID6C10D99643C7542017DE1DAC4F0603A7
SavePackageTransactionIdB04BA0614020426EECD1BBB39F80733E_11, Filename=C:/Users/Students/Documents/Unreal Projects/Arvind_VR_Proj/Saved/Autosaves/Game/ThirdPersonBP/BP_FloorTile_UP_Auto2.uasset, AutoPackageBackupDelegate=0.061583, FlushAsyncLoading=0.002198, FlushStreamingFunc=0.035558, BlockTillAllRequestsFinished=0.002932, ResetLoadersForSaveUnMarkAllObjects=0.059016, TagPackageExports=9.252336, BeginCacheForCookedPlatformData=0.002932, SerializeImports=7.003490, GatherLocalizableTextData=8.735121, MarkNames=0.053152, SerializeSummary=0.010628, SerializeNames=0.229102, SerializeGatherableTextData=0.058647, BuildExportMap=0.157256, SortExportsNonSeekfree=0.933629, SortExportsSeekfreeConstructor=0.007696, SortExportsSeekfreeInner=8.520316, SortExportsSeekfree=0.004031, BuildDependencyMap=0.074413, SerializeImportMap=0.013195, SerializeExportMap=0.040688, SerializeDependencyMap=0.020895, SerializeStringAssetReferenceMap=0.001833, SaveThumbNailsAssetRegistryDataWorldLevelInfo=8.645679, SerializeExports=8.982547, SerializeBulkData=0.006232, MoveFile=4.282150, UnaccountedTime=0.144061, RunGuid=RunID6C10D99643C7542017DE1DAC4F0603A7
SavePackageTransactionIdB04BA0614020426EECD1BBB39F80733E_12, Filename=C:/Users/Students/Documents/Unreal Projects/Arvind_VR_Proj/Content/ThirdPersonBP/Blueprints/RunGameMode.uasset, AutoPackageBackupDelegate=5.053762, FlushAsyncLoading=0.002932, FlushStreamingFunc=0.076976, BlockTillAllRequestsFinished=0.003666, ResetLoadersForSaveUnMarkAllObjects=0.072945, TagPackageExports=3.163412, BeginCacheForCookedPlatformData=0.001833, SerializeImports=3.397640, GatherLocalizableTextData=2.685420, MarkNames=0.041053, SerializeSummary=0.009898, SerializeNames=0.177413, SerializeGatherableTextData=0.012096, BuildExportMap=0.119865, SortExportsNonSeekfree=0.407249, SortExportsSeekfreeConstructor=0.043254, SortExportsSeekfreeInner=5.535420, SortExportsSeekfree=0.004031, BuildDependencyMap=0.040688, SerializeImportMap=0.018694, SerializeExportMap=0.030424, SerializeDependencyMap=0.004400, SerializeStringAssetReferenceMap=0.001464, SaveThumbNailsAssetRegistryDataWorldLevelInfo=0.549473, SerializeExports=4.586764, SerializeBulkData=0.007331, MoveFile=3.844481, UnaccountedTime=2.139974, RunGuid=RunID6C10D99643C7542017DE1DAC4F0603A7
SavePackageTransactionIdB04BA0614020426EECD1BBB39F80733E_13, Filename=C:/Users/Students/Documents/Unreal Projects/Arvind_VR_Proj/Content/ThirdPersonBP/BP_FloorTile_UP.uasset, AutoPackageBackupDelegate=0.060849, FlushAsyncLoading=0.002198, FlushStreamingFunc=0.030424, BlockTillAllRequestsFinished=0.004400, ResetLoadersForSaveUnMarkAllObjects=0.072215, TagPackageExports=6.028809, BeginCacheForCookedPlatformData=0.002932, SerializeImports=6.845869, GatherLocalizableTextData=7.635441, MarkNames=0.052419, SerializeSummary=0.010263, SerializeNames=0.223968, SerializeGatherableTextData=0.060115, BuildExportMap=0.163119, SortExportsNonSeekfree=0.936925, SortExportsSeekfreeConstructor=0.046920, SortExportsSeekfreeInner=8.719724, SortExportsSeekfree=0.003666, BuildDependencyMap=0.074413, SerializeImportMap=0.012830, SerializeExportMap=0.040688, SerializeDependencyMap=0.019427, SerializeStringAssetReferenceMap=0.001833, SaveThumbNailsAssetRegistryDataWorldLevelInfo=7.470485, SerializeExports=7.773269, SerializeBulkData=0.004765, MoveFile=3.047213, UnaccountedTime=1.001440, RunGuid=RunID6C10D99643C7542017DE1DAC4F0603A7
SavePackageTransactionIdB04BA0614020426EECD1BBB39F80733E_14, Filename=C:/Users/Students/Documents/Unreal Projects/Arvind_VR_Proj/Content/ThirdPersonBP/BP_FloorTile_Down.uasset, AutoPackageBackupDelegate=5.103975, FlushAsyncLoading=0.003666, FlushStreamingFunc=0.057183, BlockTillAllRequestsFinished=0.004768, ResetLoadersForSaveUnMarkAllObjects=0.076242, TagPackageExports=5.824268, BeginCacheForCookedPlatformData=0.002198, SerializeImports=7.002395, GatherLocalizableTextData=7.334493, MarkNames=0.050217, SerializeSummary=0.010632, SerializeNames=0.221401, SerializeGatherableTextData=0.056818, BuildExportMap=0.161286, SortExportsNonSeekfree=0.933994, SortExportsSeekfreeConstructor=0.044353, SortExportsSeekfreeInner=8.849852, SortExportsSeekfree=0.003666, BuildDependencyMap=0.068549, SerializeImportMap=0.013929, SerializeExportMap=0.051320, SerializeDependencyMap=0.010263, SerializeStringAssetReferenceMap=0.001468, SaveThumbNailsAssetRegistryDataWorldLevelInfo=7.434566, SerializeExports=8.253459, SerializeBulkData=0.006597, MoveFile=2.957039, UnaccountedTime=0.830255, RunGuid=RunID6C10D99643C7542017DE1DAC4F0603A7
SavePackageTransactionIdB04BA0614020426EECD1BBB39F80733E_15, Filename=C:/Users/Students/Documents/Unreal Projects/Arvind_VR_Proj/Content/ThirdPersonBP/BP_FloorTile_Down.uasset, AutoPackageBackupDelegate=5.219079, FlushAsyncLoading=0.002932, FlushStreamingFunc=0.031155, BlockTillAllRequestsFinished=0.004034, ResetLoadersForSaveUnMarkAllObjects=0.076611, TagPackageExports=6.393902, BeginCacheForCookedPlatformData=0.003666, SerializeImports=7.342924, GatherLocalizableTextData=7.457659, MarkNames=0.051688, SerializeSummary=0.009529, SerializeNames=0.238996, SerializeGatherableTextData=0.059016, BuildExportMap=0.164218, SortExportsNonSeekfree=1.132306, SortExportsSeekfreeConstructor=0.047650, SortExportsSeekfreeInner=9.155564, SortExportsSeekfree=0.005867, BuildDependencyMap=0.079542, SerializeImportMap=0.015762, SerializeExportMap=0.042520, SerializeDependencyMap=0.024557, SerializeStringAssetReferenceMap=0.002202, SaveThumbNailsAssetRegistryDataWorldLevelInfo=7.928319, SerializeExports=8.747951, SerializeBulkData=0.006232, MoveFile=3.538769, UnaccountedTime=0.910901, RunGuid=RunID6C10D99643C7542017DE1DAC4F0603A7
SavePackageTransactionIdB04BA0614020426EECD1BBB39F80733E_16, Filename=C:/Users/Students/Documents/Unreal Projects/Arvind_VR_Proj/Content/ThirdPersonBP/BP_FloorTile.uasset, AutoPackageBackupDelegate=8.339602, FlushAsyncLoading=0.006597, FlushStreamingFunc=0.030059, BlockTillAllRequestsFinished=0.004400, ResetLoadersForSaveUnMarkAllObjects=0.104468, TagPackageExports=5.943764, BeginCacheForCookedPlatformData=0.002202, SerializeImports=6.735168, GatherLocalizableTextData=7.328264, MarkNames=0.060849, SerializeSummary=0.010263, SerializeNames=0.286281, SerializeGatherableTextData=0.071481, BuildExportMap=0.183281, SortExportsNonSeekfree=0.884876, SortExportsSeekfreeConstructor=0.072576, SortExportsSeekfreeInner=8.988779, SortExportsSeekfree=0.003301, BuildDependencyMap=0.067811, SerializeImportMap=0.012461, SerializeExportMap=0.039954, SerializeDependencyMap=0.025291, SerializeStringAssetReferenceMap=0.001833, SaveThumbNailsAssetRegistryDataWorldLevelInfo=7.785000, SerializeExports=8.210938, SerializeBulkData=0.005499, MoveFile=2.929181, UnaccountedTime=0.983115, RunGuid=RunID6C10D99643C7542017DE1DAC4F0603A7
SavePackageTransactionIdB04BA0614020426EECD1BBB39F80733E_17, Filename=C:/Users/Students/Documents/Unreal Projects/Arvind_VR_Proj/Content/ThirdPersonBP/BP_FloorTile_Down.uasset, AutoPackageBackupDelegate=5.112778, FlushAsyncLoading=0.002932, FlushStreamingFunc=0.056814, BlockTillAllRequestsFinished=0.004034, ResetLoadersForSaveUnMarkAllObjects=0.072945, TagPackageExports=6.782822, BeginCacheForCookedPlatformData=0.002567, SerializeImports=6.509367, GatherLocalizableTextData=7.230390, MarkNames=0.050586, SerializeSummary=0.009898, SerializeNames=0.227999, SerializeGatherableTextData=0.062317, BuildExportMap=0.164218, SortExportsNonSeekfree=0.927031, SortExportsSeekfreeConstructor=0.045087, SortExportsSeekfreeInner=8.570165, SortExportsSeekfree=0.003301, BuildDependencyMap=0.064515, SerializeImportMap=0.014663, SerializeExportMap=0.047285, SerializeDependencyMap=0.024561, SerializeStringAssetReferenceMap=0.001833, SaveThumbNailsAssetRegistryDataWorldLevelInfo=7.456925, SerializeExports=7.959846, SerializeBulkData=0.006597, MoveFile=3.156815, UnaccountedTime=0.804599, RunGuid=RunID6C10D99643C7542017DE1DAC4F0603A7
SavePackageTransactionIdB04BA0614020426EECD1BBB39F80733E_18, Filename=C:/Users/Students/Documents/Unreal Projects/Arvind_VR_Proj/Content/ThirdPersonBP/BP_FloorTile_UP.uasset, AutoPackageBackupDelegate=8.153390, FlushAsyncLoading=0.006232, FlushStreamingFunc=0.035189, BlockTillAllRequestsFinished=0.005499, ResetLoadersForSaveUnMarkAllObjects=0.078443, TagPackageExports=6.138041, BeginCacheForCookedPlatformData=0.002202, SerializeImports=6.674685, GatherLocalizableTextData=7.669166, MarkNames=0.054616, SerializeSummary=0.010628, SerializeNames=0.278953, SerializeGatherableTextData=0.062682, BuildExportMap=0.166051, SortExportsNonSeekfree=0.961121, SortExportsSeekfreeConstructor=0.046920, SortExportsSeekfreeInner=8.938559, SortExportsSeekfree=0.004034, BuildDependencyMap=0.072945, SerializeImportMap=0.013195, SerializeExportMap=0.041422, SerializeDependencyMap=0.023093, SerializeStringAssetReferenceMap=0.001833, SaveThumbNailsAssetRegistryDataWorldLevelInfo=7.424303, SerializeExports=8.342169, SerializeBulkData=0.005864, MoveFile=2.799787, UnaccountedTime=0.930693, RunGuid=RunID6C10D99643C7542017DE1DAC4F0603A7
SavePackageTransactionIdB04BA0614020426EECD1BBB39F80733E_19, Filename=C:/Users/Students/Documents/Unreal Projects/Arvind_VR_Proj/Content/Runner.umap, AutoPackageBackupDelegate=10.858234, FlushAsyncLoading=0.007331, FlushStreamingFunc=0.084311, BlockTillAllRequestsFinished=0.005130, ResetLoadersForSaveUnMarkAllObjects=0.831358, TagPackageExports=0.364359, BeginCacheForCookedPlatformData=0.001833, SerializeImports=0.952687, GatherLocalizableTextData=3.794994, MarkNames=0.042520, SerializeSummary=0.012830, SerializeNames=0.309009, SerializeGatherableTextData=0.013199, BuildExportMap=0.149921, SortExportsNonSeekfree=0.080276, SortExportsSeekfreeConstructor=0.059016, SortExportsSeekfreeInner=8.478895, SortExportsSeekfree=0.004765, BuildDependencyMap=0.043988, SerializeImportMap=0.023093, SerializeExportMap=0.015762, SerializeDependencyMap=0.010263, SerializeStringAssetReferenceMap=0.003301, SaveThumbNailsAssetRegistryDataWorldLevelInfo=0.496320, SerializeExports=1.633026, SerializeBulkData=1.192417, MoveFile=3.939051, UnaccountedTime=0.129398, RunGuid=RunID6C10D99643C7542017DE1DAC4F0603A7
SavePackageTransactionIdB04BA0614020426EECD1BBB39F80733E_20, Filename=C:/Users/Students/Documents/Unreal Projects/Arvind_VR_Proj/Content/ThirdPersonBP/Blueprints/RunGameMode.uasset, AutoPackageBackupDelegate=5.561080, FlushAsyncLoading=0.002932, FlushStreamingFunc=0.161655, BlockTillAllRequestsFinished=0.005864, ResetLoadersForSaveUnMarkAllObjects=0.077710, TagPackageExports=2.965104, BeginCacheForCookedPlatformData=0.001833, SerializeImports=3.268614, GatherLocalizableTextData=2.387769, MarkNames=0.026759, SerializeSummary=0.010263, SerializeNames=0.179615, SerializeGatherableTextData=0.011731, BuildExportMap=0.120230, SortExportsNonSeekfree=0.390019, SortExportsSeekfreeConstructor=0.043619, SortExportsSeekfreeInner=5.314019, SortExportsSeekfree=0.002567, BuildDependencyMap=0.038486, SerializeImportMap=0.010628, SerializeExportMap=0.020895, SerializeDependencyMap=0.004031, SerializeStringAssetReferenceMap=0.001468, SaveThumbNailsAssetRegistryDataWorldLevelInfo=0.482392, SerializeExports=3.950048, SerializeBulkData=0.004034, MoveFile=3.540601, UnaccountedTime=0.834655, RunGuid=RunID6C10D99643C7542017DE1DAC4F0603A7
SavePackageTransactionIdB04BA0614020426EECD1BBB39F80733E_21, Filename=C:/Users/Students/Documents/Unreal Projects/Arvind_VR_Proj/Content/ThirdPersonBP/BP_FloorTile.uasset, AutoPackageBackupDelegate=5.391725, FlushAsyncLoading=0.002567, FlushStreamingFunc=0.065614, BlockTillAllRequestsFinished=0.004034, ResetLoadersForSaveUnMarkAllObjects=0.074778, TagPackageExports=7.183474, BeginCacheForCookedPlatformData=0.004031, SerializeImports=6.764494, GatherLocalizableTextData=6.842572, MarkNames=0.054985, SerializeSummary=0.011362, SerializeNames=0.237163, SerializeGatherableTextData=0.059750, BuildExportMap=0.173382, SortExportsNonSeekfree=0.847854, SortExportsSeekfreeConstructor=0.008430, SortExportsSeekfreeInner=8.620020, SortExportsSeekfree=0.003301, BuildDependencyMap=0.068180, SerializeImportMap=0.016861, SerializeExportMap=0.042889, SerializeDependencyMap=0.011362, SerializeStringAssetReferenceMap=0.001099, SaveThumbNailsAssetRegistryDataWorldLevelInfo=0.927396, SerializeExports=8.205075, SerializeBulkData=0.010997, MoveFile=3.590818, UnaccountedTime=1.494832, RunGuid=RunID6C10D99643C7542017DE1DAC4F0603A7
SavePackageTransactionIdB04BA0614020426EECD1BBB39F80733E_22, Filename=C:/Users/Students/Documents/Unreal Projects/Arvind_VR_Proj/Content/ThirdPersonBP/Blueprints/RunGameMode.uasset, AutoPackageBackupDelegate=8.321270, FlushAsyncLoading=0.006601, FlushStreamingFunc=0.048019, BlockTillAllRequestsFinished=0.005130, ResetLoadersForSaveUnMarkAllObjects=0.086877, TagPackageExports=2.894722, BeginCacheForCookedPlatformData=0.001833, SerializeImports=3.383715, GatherLocalizableTextData=2.506904, MarkNames=0.030424, SerializeSummary=0.009894, SerializeNames=0.192445, SerializeGatherableTextData=0.012096, BuildExportMap=0.126097, SortExportsNonSeekfree=0.395153, SortExportsSeekfreeConstructor=0.006963, SortExportsSeekfreeInner=5.738493, SortExportsSeekfree=0.003666, BuildDependencyMap=0.040323, SerializeImportMap=0.011731, SerializeExportMap=0.021625, SerializeDependencyMap=0.004765, SerializeStringAssetReferenceMap=0.001468, SaveThumbNailsAssetRegistryDataWorldLevelInfo=0.627182, SerializeExports=4.082013, SerializeBulkData=0.004396, MoveFile=3.090102, UnaccountedTime=0.824392, RunGuid=RunID6C10D99643C7542017DE1DAC4F0603A7
SavePackageTransactionIdB04BA0614020426EECD1BBB39F80733E_23, Filename=C:/Users/Students/Documents/Unreal Projects/Arvind_VR_Proj/Content/ThirdPersonBP/BP_FloorTile_Down.uasset, AutoPackageBackupDelegate=8.886144, FlushAsyncLoading=0.006597, FlushStreamingFunc=0.042889, BlockTillAllRequestsFinished=0.004031, ResetLoadersForSaveUnMarkAllObjects=0.111070, TagPackageExports=6.267071, BeginCacheForCookedPlatformData=0.003666, SerializeImports=8.317244, GatherLocalizableTextData=7.484783, MarkNames=0.056449, SerializeSummary=0.010997, SerializeNames=0.231300, SerializeGatherableTextData=0.063781, BuildExportMap=0.168253, SortExportsNonSeekfree=0.945356, SortExportsSeekfreeConstructor=0.050221, SortExportsSeekfreeInner=9.017370, SortExportsSeekfree=0.004031, BuildDependencyMap=0.073679, SerializeImportMap=0.013564, SerializeExportMap=0.042520, SerializeDependencyMap=0.010628, SerializeStringAssetReferenceMap=0.001468, SaveThumbNailsAssetRegistryDataWorldLevelInfo=7.574592, SerializeExports=8.137625, SerializeBulkData=0.006232, MoveFile=3.021553, UnaccountedTime=0.825491, RunGuid=RunID6C10D99643C7542017DE1DAC4F0603A7
SavePackageTransactionIdB04BA0614020426EECD1BBB39F80733E_24, Filename=C:/Users/Students/Documents/Unreal Projects/Arvind_VR_Proj/Content/ThirdPersonBP/BP_FloorTile_UP.uasset, AutoPackageBackupDelegate=5.826101, FlushAsyncLoading=0.003666, FlushStreamingFunc=0.033725, BlockTillAllRequestsFinished=0.003666, ResetLoadersForSaveUnMarkAllObjects=0.071846, TagPackageExports=5.742893, BeginCacheForCookedPlatformData=0.002932, SerializeImports=6.398667, GatherLocalizableTextData=7.926490, MarkNames=0.090539, SerializeSummary=0.014663, SerializeNames=0.336133, SerializeGatherableTextData=0.099707, BuildExportMap=0.252925, SortExportsNonSeekfree=1.418218, SortExportsSeekfreeConstructor=0.072949, SortExportsSeekfreeInner=9.469337, SortExportsSeekfree=0.003297, BuildDependencyMap=0.065982, SerializeImportMap=0.012465, SerializeExportMap=0.041056, SerializeDependencyMap=0.023462, SerializeStringAssetReferenceMap=0.001833, SaveThumbNailsAssetRegistryDataWorldLevelInfo=7.297471, SerializeExports=8.106101, SerializeBulkData=0.004765, MoveFile=3.117956, UnaccountedTime=0.860315, RunGuid=RunID6C10D99643C7542017DE1DAC4F0603A7
SavePackageTransactionIdB04BA0614020426EECD1BBB39F80733E_25, Filename=C:/Users/Students/Documents/Unreal Projects/Arvind_VR_Proj/Content/ThirdPersonBP/BP_FloorTile.uasset, AutoPackageBackupDelegate=8.649345, FlushAsyncLoading=0.006232, FlushStreamingFunc=0.034090, BlockTillAllRequestsFinished=0.004031, ResetLoadersForSaveUnMarkAllObjects=0.078812, TagPackageExports=6.170668, BeginCacheForCookedPlatformData=0.002567, SerializeImports=6.280266, GatherLocalizableTextData=6.836709, MarkNames=0.052784, SerializeSummary=0.010997, SerializeNames=0.247426, SerializeGatherableTextData=0.062317, BuildExportMap=0.156153, SortExportsNonSeekfree=0.856284, SortExportsSeekfreeConstructor=0.047654, SortExportsSeekfreeInner=8.828960, SortExportsSeekfree=0.003297, BuildDependencyMap=0.066716, SerializeImportMap=0.012830, SerializeExportMap=0.040323, SerializeDependencyMap=0.020895, SerializeStringAssetReferenceMap=0.001468, SaveThumbNailsAssetRegistryDataWorldLevelInfo=7.830449, SerializeExports=8.258227, SerializeBulkData=0.006229, MoveFile=3.332760, UnaccountedTime=0.861049, RunGuid=RunID6C10D99643C7542017DE1DAC4F0603A7
SavePackageTransactionIdB04BA0614020426EECD1BBB39F80733E_26, Filename=C:/Users/Students/Documents/Unreal Projects/Arvind_VR_Proj/Content/Runner.umap, AutoPackageBackupDelegate=8.471194, FlushAsyncLoading=0.006963, FlushStreamingFunc=0.054251, BlockTillAllRequestsFinished=0.004034, ResetLoadersForSaveUnMarkAllObjects=0.094205, TagPackageExports=0.275284, BeginCacheForCookedPlatformData=0.001468, SerializeImports=0.637081, GatherLocalizableTextData=2.835341, MarkNames=0.028223, SerializeSummary=0.011731, SerializeNames=0.216272, SerializeGatherableTextData=0.009164, BuildExportMap=0.115465, SortExportsNonSeekfree=0.059750, SortExportsSeekfreeConstructor=0.044718, SortExportsSeekfreeInner=6.456219, SortExportsSeekfree=0.003666, BuildDependencyMap=0.033356, SerializeImportMap=0.013929, SerializeExportMap=0.010997, SerializeDependencyMap=0.006966, SerializeStringAssetReferenceMap=0.001833, SaveThumbNailsAssetRegistryDataWorldLevelInfo=0.377923, SerializeExports=1.144767, SerializeBulkData=0.814129, MoveFile=2.588645, UnaccountedTime=0.111435, RunGuid=RunID6C10D99643C7542017DE1DAC4F0603A7
SavePackageTransactionIdB04BA0614020426EECD1BBB39F80733E_27, Filename=C:/Users/Students/Documents/Unreal Projects/Arvind_VR_Proj/Content/ThirdPersonBP/Blueprints/ThirdPersonCharacter.uasset, AutoPackageBackupDelegate=9.380266, FlushAsyncLoading=0.006232, FlushStreamingFunc=0.068545, BlockTillAllRequestsFinished=0.004400, ResetLoadersForSaveUnMarkAllObjects=0.078078, TagPackageExports=11.479188, BeginCacheForCookedPlatformData=0.003297, SerializeImports=12.269124, GatherLocalizableTextData=10.870695, MarkNames=0.073679, SerializeSummary=0.010997, SerializeNames=0.269055, SerializeGatherableTextData=0.123531, BuildExportMap=0.229832, SortExportsNonSeekfree=2.582416, SortExportsSeekfreeConstructor=0.048384, SortExportsSeekfreeInner=18.191628, SortExportsSeekfree=0.004400, BuildDependencyMap=0.110336, SerializeImportMap=0.016864, SerializeExportMap=0.070378, SerializeDependencyMap=0.014663, SerializeStringAssetReferenceMap=0.001468, SaveThumbNailsAssetRegistryDataWorldLevelInfo=8.386518, SerializeExports=16.648411, SerializeBulkData=0.006597, MoveFile=2.970968, UnaccountedTime=0.835024, RunGuid=RunID6C10D99643C7542017DE1DAC4F0603A7
SavePackageTransactionIdB04BA0614020426EECD1BBB39F80733E_28, Filename=C:/Users/Students/Documents/Unreal Projects/Arvind_VR_Proj/Content/ThirdPersonBP/Blueprints/RunGameMode.uasset, AutoPackageBackupDelegate=9.608630, FlushAsyncLoading=0.006601, FlushStreamingFunc=0.047650, BlockTillAllRequestsFinished=0.005867, ResetLoadersForSaveUnMarkAllObjects=0.081010, TagPackageExports=6.297130, BeginCacheForCookedPlatformData=0.002198, SerializeImports=7.783897, GatherLocalizableTextData=8.218269, MarkNames=0.043254, SerializeSummary=0.011731, SerializeNames=0.234231, SerializeGatherableTextData=0.061583, BuildExportMap=0.164952, SortExportsNonSeekfree=1.329511, SortExportsSeekfreeConstructor=0.094570, SortExportsSeekfreeInner=9.839199, SortExportsSeekfree=0.002932, BuildDependencyMap=0.068914, SerializeImportMap=0.011727, SerializeExportMap=0.037391, SerializeDependencyMap=0.009533, SerializeStringAssetReferenceMap=0.001833, SaveThumbNailsAssetRegistryDataWorldLevelInfo=0.905767, SerializeExports=8.468997, SerializeBulkData=0.005867, MoveFile=3.483418, UnaccountedTime=0.876077, RunGuid=RunID6C10D99643C7542017DE1DAC4F0603A7
SavePackageTransactionIdB04BA0614020426EECD1BBB39F80733E_29, Filename=C:/Users/Students/Documents/Unreal Projects/Arvind_VR_Proj/Content/ThirdPersonBP/Blueprints/RunGameMode.uasset, AutoPackageBackupDelegate=5.352870, FlushAsyncLoading=0.003666, FlushStreamingFunc=0.079546, BlockTillAllRequestsFinished=0.004396, ResetLoadersForSaveUnMarkAllObjects=0.076246, TagPackageExports=6.359078, BeginCacheForCookedPlatformData=0.002198, SerializeImports=6.727841, GatherLocalizableTextData=6.591476, MarkNames=0.042520, SerializeSummary=0.009898, SerializeNames=0.185478, SerializeGatherableTextData=0.051320, BuildExportMap=0.144057, SortExportsNonSeekfree=1.188755, SortExportsSeekfreeConstructor=0.006963, SortExportsSeekfreeInner=9.527255, SortExportsSeekfree=0.003301, BuildDependencyMap=0.065614, SerializeImportMap=0.011731, SerializeExportMap=0.037391, SerializeDependencyMap=0.009164, SerializeStringAssetReferenceMap=0.001833, SaveThumbNailsAssetRegistryDataWorldLevelInfo=0.859216, SerializeExports=8.301847, SerializeBulkData=0.005130, MoveFile=3.189433, UnaccountedTime=0.114001, RunGuid=RunID6C10D99643C7542017DE1DAC4F0603A7
SavePackageTransactionIdB04BA0614020426EECD1BBB39F80733E_30, Filename=C:/Users/Students/Documents/Unreal Projects/Arvind_VR_Proj/Content/ThirdPersonBP/Blueprints/RunGameMode.uasset, AutoPackageBackupDelegate=6.285399, FlushAsyncLoading=0.003301, FlushStreamingFunc=0.078443, BlockTillAllRequestsFinished=0.005867, ResetLoadersForSaveUnMarkAllObjects=0.089072, TagPackageExports=6.352116, BeginCacheForCookedPlatformData=0.001833, SerializeImports=6.925046, GatherLocalizableTextData=6.484810, MarkNames=0.043251, SerializeSummary=0.010267, SerializeNames=0.193544, SerializeGatherableTextData=0.052784, BuildExportMap=0.151023, SortExportsNonSeekfree=1.173358, SortExportsSeekfreeConstructor=0.044718, SortExportsSeekfreeInner=9.211280, SortExportsSeekfree=0.002567, BuildDependencyMap=0.069648, SerializeImportMap=0.012096, SerializeExportMap=0.038855, SerializeDependencyMap=0.007696, SerializeStringAssetReferenceMap=0.001468, SaveThumbNailsAssetRegistryDataWorldLevelInfo=0.923362, SerializeExports=8.551105, SerializeBulkData=0.004768, MoveFile=3.382612, UnaccountedTime=0.885610, RunGuid=RunID6C10D99643C7542017DE1DAC4F0603A7
SavePackageTransactionIdB04BA0614020426EECD1BBB39F80733E_31, Filename=C:/Users/Students/Documents/Unreal Projects/Arvind_VR_Proj/Content/ThirdPersonBP/Blueprints/RunGameMode.uasset, AutoPackageBackupDelegate=6.637666, FlushAsyncLoading=0.003297, FlushStreamingFunc=0.077713, BlockTillAllRequestsFinished=0.003666, ResetLoadersForSaveUnMarkAllObjects=0.075143, TagPackageExports=6.124478, BeginCacheForCookedPlatformData=0.001833, SerializeImports=6.922483, GatherLocalizableTextData=6.749831, MarkNames=0.048384, SerializeSummary=0.010267, SerializeNames=0.207838, SerializeGatherableTextData=0.060484, BuildExportMap=0.150654, SortExportsNonSeekfree=1.188755, SortExportsSeekfreeConstructor=0.009164, SortExportsSeekfreeInner=8.937824, SortExportsSeekfree=0.003301, BuildDependencyMap=0.078078, SerializeImportMap=0.011366, SerializeExportMap=0.038121, SerializeDependencyMap=0.007696, SerializeStringAssetReferenceMap=0.001468, SaveThumbNailsAssetRegistryDataWorldLevelInfo=0.905771, SerializeExports=8.435640, SerializeBulkData=0.004396, MoveFile=4.881110, UnaccountedTime=0.124998, RunGuid=RunID6C10D99643C7542017DE1DAC4F0603A7
SavePackageTransactionIdB04BA0614020426EECD1BBB39F80733E_32, Filename=C:/Users/Students/Documents/Unreal Projects/Arvind_VR_Proj/Content/ThirdPersonBP/Blueprints/RunGameMode.uasset, AutoPackageBackupDelegate=5.424351, FlushAsyncLoading=0.003301, FlushStreamingFunc=0.057183, BlockTillAllRequestsFinished=0.004396, ResetLoadersForSaveUnMarkAllObjects=0.078443, TagPackageExports=6.729305, BeginCacheForCookedPlatformData=0.002567, SerializeImports=6.944109, GatherLocalizableTextData=6.660026, MarkNames=0.047285, SerializeSummary=0.010263, SerializeNames=0.198677, SerializeGatherableTextData=0.056081, BuildExportMap=0.152126, SortExportsNonSeekfree=1.194615, SortExportsSeekfreeConstructor=0.008065, SortExportsSeekfreeInner=9.385396, SortExportsSeekfree=0.002936, BuildDependencyMap=0.113264, SerializeImportMap=0.012100, SerializeExportMap=0.039220, SerializeDependencyMap=0.012830, SerializeStringAssetReferenceMap=0.002202, SaveThumbNailsAssetRegistryDataWorldLevelInfo=1.141466, SerializeExports=8.732919, SerializeBulkData=0.004765, MoveFile=3.438696, UnaccountedTime=0.850420, RunGuid=RunID6C10D99643C7542017DE1DAC4F0603A7
SavePackageTransactionIdB04BA0614020426EECD1BBB39F80733E_33, Filename=C:/Users/Students/Documents/Unreal Projects/Arvind_VR_Proj/Content/ThirdPersonBP/BP_FloorTile.uasset, AutoPackageBackupDelegate=8.745749, FlushAsyncLoading=0.006232, FlushStreamingFunc=0.069644, BlockTillAllRequestsFinished=0.004034, ResetLoadersForSaveUnMarkAllObjects=0.087608, TagPackageExports=6.233715, BeginCacheForCookedPlatformData=0.002567, SerializeImports=6.320588, GatherLocalizableTextData=6.849904, MarkNames=0.054616, SerializeSummary=0.011731, SerializeNames=0.238996, SerializeGatherableTextData=0.059016, BuildExportMap=0.162385, SortExportsNonSeekfree=0.847120, SortExportsSeekfreeConstructor=0.047289, SortExportsSeekfreeInner=8.759678, SortExportsSeekfree=0.003666, BuildDependencyMap=0.068180, SerializeImportMap=0.011731, SerializeExportMap=0.039589, SerializeDependencyMap=0.020891, SerializeStringAssetReferenceMap=0.001833, SaveThumbNailsAssetRegistryDataWorldLevelInfo=7.319469, SerializeExports=7.840346, SerializeBulkData=0.005130, MoveFile=2.952274, UnaccountedTime=0.921164, RunGuid=RunID6C10D99643C7542017DE1DAC4F0603A7
SavePackageTransactionIdB04BA0614020426EECD1BBB39F80733E_34, Filename=C:/Users/Students/Documents/Unreal Projects/Arvind_VR_Proj/Content/ThirdPersonBP/BP_FloorTile_UP.uasset, AutoPackageBackupDelegate=8.997943, FlushAsyncLoading=0.005864, FlushStreamingFunc=0.076611, BlockTillAllRequestsFinished=0.004765, ResetLoadersForSaveUnMarkAllObjects=0.076611, TagPackageExports=6.450720, BeginCacheForCookedPlatformData=0.003666, SerializeImports=8.210569, GatherLocalizableTextData=7.240288, MarkNames=0.051320, SerializeSummary=0.011362, SerializeNames=0.223968, SerializeGatherableTextData=0.056453, BuildExportMap=0.162017, SortExportsNonSeekfree=0.924099, SortExportsSeekfreeConstructor=0.048384, SortExportsSeekfreeInner=8.547075, SortExportsSeekfree=0.003301, BuildDependencyMap=0.066712, SerializeImportMap=0.013195, SerializeExportMap=0.040323, SerializeDependencyMap=0.019427, SerializeStringAssetReferenceMap=0.001468, SaveThumbNailsAssetRegistryDataWorldLevelInfo=7.235888, SerializeExports=8.355729, SerializeBulkData=0.006232, MoveFile=2.849270, UnaccountedTime=0.778940, RunGuid=RunID6C10D99643C7542017DE1DAC4F0603A7
SavePackageTransactionIdB04BA0614020426EECD1BBB39F80733E_35, Filename=C:/Users/Students/Documents/Unreal Projects/Arvind_VR_Proj/Content/ThirdPersonBP/BP_FloorTile_Down.uasset, AutoPackageBackupDelegate=8.781672, FlushAsyncLoading=0.006966, FlushStreamingFunc=0.092372, BlockTillAllRequestsFinished=0.004765, ResetLoadersForSaveUnMarkAllObjects=0.080276, TagPackageExports=6.232981, BeginCacheForCookedPlatformData=0.002567, SerializeImports=6.671388, GatherLocalizableTextData=7.776201, MarkNames=0.053518, SerializeSummary=0.010997, SerializeNames=0.232764, SerializeGatherableTextData=0.063416, BuildExportMap=0.181448, SortExportsNonSeekfree=0.934362, SortExportsSeekfreeConstructor=0.062313, SortExportsSeekfreeInner=8.956522, SortExportsSeekfree=0.005133, BuildDependencyMap=0.101537, SerializeImportMap=0.013195, SerializeExportMap=0.041056, SerializeDependencyMap=0.008799, SerializeStringAssetReferenceMap=0.001468, SaveThumbNailsAssetRegistryDataWorldLevelInfo=7.761534, SerializeExports=8.022163, SerializeBulkData=0.005864, MoveFile=2.829473, UnaccountedTime=0.834659, RunGuid=RunID6C10D99643C7542017DE1DAC4F0603A7
DDCTransactionId89D34B924D4683E9B3F68B861FFE09A2_1, PutCachedData=, CacheKey=PhysX_1D9C17C451EA4FB88CB7A27536A65DB0_PhysXPC_954CED1C46506EE3FB1D09BE45AE115__19A73BEA395AAD54D2D160605D1B3E5536FCDD05, StartTime=2016.05.04-16.43.30, HierarchicalDDC=, DataSize=1896, Duration=3.382981, RunGuid=RunID6C10D99643C7542017DE1DAC4F0603A7
DDCTransactionIdD819685F4FB5B9E64B9B9B832FF76543_0, PutCachedData=, CacheKey=PhysX_1D9C17C451EA4FB88CB7A27536A65DB0_PhysXPC_58F89E5A484A54BDFED1D2814538FA7__693150B4F7D9A7B633AA49D10B8C612420DE3BB6, StartTime=2016.05.04-16.43.30, HierarchicalDDC=, DataSize=1896, Duration=2.763860, RunGuid=RunID6C10D99643C7542017DE1DAC4F0603A7
DDCTransactionIdB5C06A0543E42048D12823B7066DB5FB_2, PutCachedData=, CacheKey=PhysX_1D9C17C451EA4FB88CB7A27536A65DB0_PhysXPC_5636D5054EE99E24ED3163828899397__20F095EA48A36E2DBC66307F0DEAFEB6EC46C7E2, StartTime=2016.05.04-16.43.30, HierarchicalDDC=, DataSize=1896, Duration=2.914518, RunGuid=RunID6C10D99643C7542017DE1DAC4F0603A7
DDCTransactionId89D34B924D4683E9B3F68B861FFE09A2_2, PutCachedData=, CacheKey=PhysX_1D9C17C451EA4FB88CB7A27536A65DB0_PhysXPC_6A580DF142E620962F2996938B28FE4__4FD64EBF5CDD38DD2BD617F91068F4E3793670DB, StartTime=2016.05.04-16.43.30, HierarchicalDDC=, DataSize=1896, Duration=3.094863, RunGuid=RunID6C10D99643C7542017DE1DAC4F0603A7
DDCTransactionIdB5C06A0543E42048D12823B7066DB5FB_3, PutCachedData=, CacheKey=PhysX_1D9C17C451EA4FB88CB7A27536A65DB0_PhysXPC_A3A1DD4D456A66608A8E87B9137F908__D9B43FCA4335F62351348FF70ED0B91DEF6A6176, StartTime=2016.05.04-16.43.30, HierarchicalDDC=, DataSize=1896, Duration=2.731234, RunGuid=RunID6C10D99643C7542017DE1DAC4F0603A7
DDCTransactionIdD819685F4FB5B9E64B9B9B832FF76543_1, PutCachedData=, CacheKey=PhysX_1D9C17C451EA4FB88CB7A27536A65DB0_PhysXPC_B1D37AD948733466347D84B942790A9__B3D4C4B91168E085D28D6271D151EEF33B2DA03B, StartTime=2016.05.04-16.43.30, HierarchicalDDC=, DataSize=1896, Duration=3.845945, RunGuid=RunID6C10D99643C7542017DE1DAC4F0603A7
DDCTransactionId89D34B924D4683E9B3F68B861FFE09A2_3, PutCachedData=, CacheKey=PhysX_1D9C17C451EA4FB88CB7A27536A65DB0_PhysXPC_E3EB892C4270032BBAD5EA8708A5DA0__7ABC3A2D138EDE2E2007471B459D3DAEC464DACD, StartTime=2016.05.04-16.43.30, HierarchicalDDC=, DataSize=1896, Duration=2.576180, RunGuid=RunID6C10D99643C7542017DE1DAC4F0603A7
DDCTransactionIdB5C06A0543E42048D12823B7066DB5FB_4, PutCachedData=, CacheKey=PhysX_1D9C17C451EA4FB88CB7A27536A65DB0_PhysXPC_097EB47B4D5A52016D9362814ADBF36__F219ABE9D7B1631705723784C81402E449D735F5, StartTime=2016.05.04-16.43.30, HierarchicalDDC=, DataSize=1896, Duration=2.777424, RunGuid=RunID6C10D99643C7542017DE1DAC4F0603A7
DDCTransactionIdD819685F4FB5B9E64B9B9B832FF76543_2, PutCachedData=, CacheKey=PhysX_1D9C17C451EA4FB88CB7A27536A65DB0_PhysXPC_CEB12F564131FEA7CBB64F9D22B1E1B__87DBBCDAB91B55F4FD2890D1A4656BE968003744, StartTime=2016.05.04-16.43.30, HierarchicalDDC=, DataSize=1896, Duration=2.787322, RunGuid=RunID6C10D99643C7542017DE1DAC4F0603A7
DDCTransactionIdB5C06A0543E42048D12823B7066DB5FB_5, PutCachedData=, CacheKey=PhysX_1D9C17C451EA4FB88CB7A27536A65DB0_PhysXPC_241BB3DB4842E7CE8F48D08A4850490__7F7FBEFC7C52455F92A6FC5769EBA77A1480009C, StartTime=2016.05.04-16.43.30, HierarchicalDDC=, DataSize=1896, Duration=3.483050, RunGuid=RunID6C10D99643C7542017DE1DAC4F0603A7
DDCTransactionId89D34B924D4683E9B3F68B861FFE09A2_4, PutCachedData=, CacheKey=PhysX_1D9C17C451EA4FB88CB7A27536A65DB0_PhysXPC_2A6336934BD030FBA19B7FB82110B58__109189D5008035371830E21D42774C5348E374C8, StartTime=2016.05.04-16.43.30, HierarchicalDDC=, DataSize=1896, Duration=2.593044, RunGuid=RunID6C10D99643C7542017DE1DAC4F0603A7
DDCTransactionIdD819685F4FB5B9E64B9B9B832FF76543_3, PutCachedData=, CacheKey=PhysX_1D9C17C451EA4FB88CB7A27536A65DB0_PhysXPC_8DB090894FF9C7E4D46F1989EBFB5E7__DC6C23A7F0861C1B26E98EB11F60A8430CE428BF, StartTime=2016.05.04-16.43.30, HierarchicalDDC=, DataSize=1896, Duration=2.725005, RunGuid=RunID6C10D99643C7542017DE1DAC4F0603A7
DDCTransactionIdB5C06A0543E42048D12823B7066DB5FB_6, PutCachedData=, CacheKey=PhysX_1D9C17C451EA4FB88CB7A27536A65DB0_PhysXPC_EC1879724802C610DD0388AB125E766__6615654E3C2D92AC4878C07572C851068307FF08, StartTime=2016.05.04-16.43.30, HierarchicalDDC=, DataSize=1896, Duration=2.568852, RunGuid=RunID6C10D99643C7542017DE1DAC4F0603A7
DDCTransactionId89D34B924D4683E9B3F68B861FFE09A2_5, PutCachedData=, CacheKey=PhysX_1D9C17C451EA4FB88CB7A27536A65DB0_PhysXPC_BDC1928343BA9CC4BE019C9B889B273__80E99321DEE9D3FF477E6A171FD09944DDD3FA8E, StartTime=2016.05.04-16.43.30, HierarchicalDDC=, DataSize=1896, Duration=2.931744, RunGuid=RunID6C10D99643C7542017DE1DAC4F0603A7
DDCTransactionIdB5C06A0543E42048D12823B7066DB5FB_7, PutCachedData=, CacheKey=PhysX_1D9C17C451EA4FB88CB7A27536A65DB0_PhysXPC_22995C3A47BA43C7891F7A904A948B7__6D33C4A5C013479F98162E734EFDF6BC17B182F4, StartTime=2016.05.04-16.43.30, HierarchicalDDC=, DataSize=1896, Duration=2.756894, RunGuid=RunID6C10D99643C7542017DE1DAC4F0603A7
DDCTransactionIdD819685F4FB5B9E64B9B9B832FF76543_4, PutCachedData=, CacheKey=PhysX_1D9C17C451EA4FB88CB7A27536A65DB0_PhysXPC_7B66B45F488B4F10E3C9099EFAF3426__A5E5B3BCAD138BFC840DE17E7BD5A459E7E6B718, StartTime=2016.05.04-16.43.30, HierarchicalDDC=, DataSize=1896, Duration=2.740771, RunGuid=RunID6C10D99643C7542017DE1DAC4F0603A7
DDCTransactionId89D34B924D4683E9B3F68B861FFE09A2_6, PutCachedData=, CacheKey=PhysX_1D9C17C451EA4FB88CB7A27536A65DB0_PhysXPC_5617AA4D4D486133AA571C8BC50C798__889134D92CE2448DC60B03DFE16B67B9696C60A4, StartTime=2016.05.04-16.43.30, HierarchicalDDC=, DataSize=1896, Duration=2.531826, RunGuid=RunID6C10D99643C7542017DE1DAC4F0603A7
DDCTransactionIdB5C06A0543E42048D12823B7066DB5FB_8, PutCachedData=, CacheKey=PhysX_1D9C17C451EA4FB88CB7A27536A65DB0_PhysXPC_F2C5A54F4764F3E2F52E62ABF2CFBB7__EC4C9D759628875762645473F1D3CABD00277276, StartTime=2016.05.04-16.43.30, HierarchicalDDC=, DataSize=1896, Duration=2.711076, RunGuid=RunID6C10D99643C7542017DE1DAC4F0603A7
DDCTransactionIdD819685F4FB5B9E64B9B9B832FF76543_5, PutCachedData=, CacheKey=PhysX_1D9C17C451EA4FB88CB7A27536A65DB0_PhysXPC_66CC69794F124F2838C41C99F44322D__7EADB3689F758A00885DBCC928A4F0501DEDA737, StartTime=2016.05.04-16.43.30, HierarchicalDDC=, DataSize=1896, Duration=2.922215, RunGuid=RunID6C10D99643C7542017DE1DAC4F0603A7
DDCTransactionIdB5C06A0543E42048D12823B7066DB5FB_9, PutCachedData=, CacheKey=PhysX_1D9C17C451EA4FB88CB7A27536A65DB0_PhysXPC_0C5B844E49630492014B8F856595339__CEEF09A5ED2985EC602307A87C92C4E79078AFA9, StartTime=2016.05.04-16.43.30, HierarchicalDDC=, DataSize=1896, Duration=3.411937, RunGuid=RunID6C10D99643C7542017DE1DAC4F0603A7
DDCTransactionId89D34B924D4683E9B3F68B861FFE09A2_7, PutCachedData=, CacheKey=PhysX_1D9C17C451EA4FB88CB7A27536A65DB0_PhysXPC_3A7ED1C2468433333DCC66B8EE5A6EB__511C8038AD50863B0A39E8B4C2D86E8AE165663D, StartTime=2016.05.04-16.43.30, HierarchicalDDC=, DataSize=1896, Duration=2.605140, RunGuid=RunID6C10D99643C7542017DE1DAC4F0603A7
DDCTransactionIdD819685F4FB5B9E64B9B9B832FF76543_6, PutCachedData=, CacheKey=PhysX_1D9C17C451EA4FB88CB7A27536A65DB0_PhysXPC_9D05E72343A246B8361119A5544B4A9__6E81B76875F5792CC77A45A881CEF8AC126794A9, StartTime=2016.05.04-16.43.30, HierarchicalDDC=, DataSize=1896, Duration=2.840839, RunGuid=RunID6C10D99643C7542017DE1DAC4F0603A7
DDCTransactionIdB5C06A0543E42048D12823B7066DB5FB_10, PutCachedData=, CacheKey=PhysX_1D9C17C451EA4FB88CB7A27536A65DB0_PhysXPC_32E9B6DA4F22DB7B261FA9A3143CC8E__94367CEFF72E8FB3E77F63B7F83BEA816F1EFC20, StartTime=2016.05.04-16.43.30, HierarchicalDDC=, DataSize=1896, Duration=2.552356, RunGuid=RunID6C10D99643C7542017DE1DAC4F0603A7
DDCTransactionId89D34B924D4683E9B3F68B861FFE09A2_8, PutCachedData=, CacheKey=PhysX_1D9C17C451EA4FB88CB7A27536A65DB0_PhysXPC_E76C93994CE0FEF81A19D4BFC4A8452__218D288090CF2EDC47057C2C87111CEE7B88763E, StartTime=2016.05.04-16.43.30, HierarchicalDDC=, DataSize=1896, Duration=2.688348, RunGuid=RunID6C10D99643C7542017DE1DAC4F0603A7
DDCTransactionIdB5C06A0543E42048D12823B7066DB5FB_11, PutCachedData=, CacheKey=PhysX_1D9C17C451EA4FB88CB7A27536A65DB0_PhysXPC_B231B9CA471DC522F7591AB866ADDDE__5DD26D285F36D7A3D3860DC45DABAE1065148975, StartTime=2016.05.04-16.43.30, HierarchicalDDC=, DataSize=1896, Duration=3.344856, RunGuid=RunID6C10D99643C7542017DE1DAC4F0603A7
DDCTransactionIdD819685F4FB5B9E64B9B9B832FF76543_7, PutCachedData=, CacheKey=PhysX_1D9C17C451EA4FB88CB7A27536A65DB0_PhysXPC_D808E98E4BE8A6898E62BAB24ABAB3D__83D296AB54B50DC941B5F3B25DD947A240A3052F, StartTime=2016.05.04-16.43.30, HierarchicalDDC=, DataSize=1896, Duration=3.402408, RunGuid=RunID6C10D99643C7542017DE1DAC4F0603A7
DDCTransactionId89D34B924D4683E9B3F68B861FFE09A2_9, PutCachedData=, CacheKey=PhysX_1D9C17C451EA4FB88CB7A27536A65DB0_PhysXPC_99B020C94B09299D03475F8F94E1081__F200113E88724F289E39E2FC4C5FB5DDBA8AAD6A, StartTime=2016.05.04-16.43.30, HierarchicalDDC=, DataSize=1896, Duration=2.602577, RunGuid=RunID6C10D99643C7542017DE1DAC4F0603A7
DDCTransactionIdB5C06A0543E42048D12823B7066DB5FB_12, PutCachedData=, CacheKey=PhysX_1D9C17C451EA4FB88CB7A27536A65DB0_PhysXPC_3B56AD8644937C66BEFC0BBB585F12C__EA24683C77100BE1E005B9C55D231CF60A23CD75, StartTime=2016.05.04-16.43.30, HierarchicalDDC=, DataSize=1896, Duration=2.848901, RunGuid=RunID6C10D99643C7542017DE1DAC4F0603A7
DDCTransactionIdD819685F4FB5B9E64B9B9B832FF76543_8, PutCachedData=, CacheKey=PhysX_1D9C17C451EA4FB88CB7A27536A65DB0_PhysXPC_89D16CAF4B634EBD8C877D984D1781C__C7A5DAC35A87C78F2E9160E811360037CFBDAD98, StartTime=2016.05.04-16.43.30, HierarchicalDDC=, DataSize=1896, Duration=3.538765, RunGuid=RunID6C10D99643C7542017DE1DAC4F0603A7
DDCTransactionIdB5C06A0543E42048D12823B7066DB5FB_13, PutCachedData=, CacheKey=PhysX_1D9C17C451EA4FB88CB7A27536A65DB0_PhysXPC_1B89E8744DB5E40F4386DD8F5558D2E__0D091DE343CC37CC40A3398D38318A2C5519D41D, StartTime=2016.05.04-16.43.30, HierarchicalDDC=, DataSize=1896, Duration=3.230490, RunGuid=RunID6C10D99643C7542017DE1DAC4F0603A7
DDCTransactionId89D34B924D4683E9B3F68B861FFE09A2_10, PutCachedData=, CacheKey=PhysX_1D9C17C451EA4FB88CB7A27536A65DB0_PhysXPC_DA04978248F31D41CDC4448F62D209C__ABA5B1C4ABFEE6AE029B4A85B7EEF42F96CB340C, StartTime=2016.05.04-16.43.30, HierarchicalDDC=, DataSize=1896, Duration=2.532560, RunGuid=RunID6C10D99643C7542017DE1DAC4F0603A7
DDCTransactionIdD819685F4FB5B9E64B9B9B832FF76543_9, PutCachedData=, CacheKey=PhysX_1D9C17C451EA4FB88CB7A27536A65DB0_PhysXPC_5CC57C2149E575F1594CA9B519E1780__495591EE6C2A94B326B31D38A485D1F6CA076826, StartTime=2016.05.04-16.43.30, HierarchicalDDC=, DataSize=1896, Duration=2.496637, RunGuid=RunID6C10D99643C7542017DE1DAC4F0603A7
DDCTransactionIdB5C06A0543E42048D12823B7066DB5FB_14, PutCachedData=, CacheKey=PhysX_1D9C17C451EA4FB88CB7A27536A65DB0_PhysXPC_7936857E4C9270B77CC168AD3FAC323__BCE5F9ADD2C3B6FB5F7F76255E322D127A272883, StartTime=2016.05.04-16.43.30, HierarchicalDDC=, DataSize=1896, Duration=2.510201, RunGuid=RunID6C10D99643C7542017DE1DAC4F0603A7
DDCTransactionId89D34B924D4683E9B3F68B861FFE09A2_11, PutCachedData=, CacheKey=PhysX_1D9C17C451EA4FB88CB7A27536A65DB0_PhysXPC_E45C013342E015E699B84CA0D4E33E1__7D031C610467C470FEE32FA9D47BBC53C7AC5D86, StartTime=2016.05.04-16.43.30, HierarchicalDDC=, DataSize=1896, Duration=2.845235, RunGuid=RunID6C10D99643C7542017DE1DAC4F0603A7
DDCTransactionIdB5C06A0543E42048D12823B7066DB5FB_15, PutCachedData=, CacheKey=PhysX_1D9C17C451EA4FB88CB7A27536A65DB0_PhysXPC_6409FC5146F9605719A1128B41D18BC__78E8DB7C39B19B5D176D921B65E476A7746DFA10, StartTime=2016.05.04-16.43.30, HierarchicalDDC=, DataSize=1896, Duration=2.593413, RunGuid=RunID6C10D99643C7542017DE1DAC4F0603A7
DDCTransactionIdD819685F4FB5B9E64B9B9B832FF76543_10, PutCachedData=, CacheKey=PhysX_1D9C17C451EA4FB88CB7A27536A65DB0_PhysXPC_A08D74F8493395337315A38D88DF883__3523A042F014A1EF9295A76DBB4CD09D02AF860A, StartTime=2016.05.04-16.43.30, HierarchicalDDC=, DataSize=1896, Duration=2.744067, RunGuid=RunID6C10D99643C7542017DE1DAC4F0603A7
DDCTransactionId89D34B924D4683E9B3F68B861FFE09A2_12, PutCachedData=, CacheKey=PhysX_1D9C17C451EA4FB88CB7A27536A65DB0_PhysXPC_655BD4C641E1480D6209E9B0F6CC0DF__A7FFC3630EA7C8434BE6F783C3DB8A8C1065F100, StartTime=2016.05.04-16.43.30, HierarchicalDDC=, DataSize=1896, Duration=3.042079, RunGuid=RunID6C10D99643C7542017DE1DAC4F0603A7
DDCTransactionIdB5C06A0543E42048D12823B7066DB5FB_16, PutCachedData=, CacheKey=PhysX_1D9C17C451EA4FB88CB7A27536A65DB0_PhysXPC_69E79EF846528A0084A91789CD69C66__E9413CDF2A9819219D5FCB621F3A3B88620CD5F2, StartTime=2016.05.04-16.43.30, HierarchicalDDC=, DataSize=1896, Duration=2.545390, RunGuid=RunID6C10D99643C7542017DE1DAC4F0603A7
DDCTransactionIdD819685F4FB5B9E64B9B9B832FF76543_11, PutCachedData=, CacheKey=PhysX_1D9C17C451EA4FB88CB7A27536A65DB0_PhysXPC_9C6E33F6459F4D37E8242C8F954D72F__80B19A0DB49735715ABAFCCEB5FC46F21EBCC1DB, StartTime=2016.05.04-16.43.30, HierarchicalDDC=, DataSize=1896, Duration=2.649497, RunGuid=RunID6C10D99643C7542017DE1DAC4F0603A7
DDCTransactionIdB5C06A0543E42048D12823B7066DB5FB_17, PutCachedData=, CacheKey=PhysX_1D9C17C451EA4FB88CB7A27536A65DB0_PhysXPC_50AE550C42B70C18A4430C9A341002A__74DBF6EC0B2D2CAFBD4E3E6C8325E33A23608F8E, StartTime=2016.05.04-16.43.30, HierarchicalDDC=, DataSize=1896, Duration=2.727937, RunGuid=RunID6C10D99643C7542017DE1DAC4F0603A7
DDCTransactionId89D34B924D4683E9B3F68B861FFE09A2_13, PutCachedData=, CacheKey=PhysX_1D9C17C451EA4FB88CB7A27536A65DB0_PhysXPC_177F03424A05BD876CE790867FEE7F4__84EA00E5685219F8309801F0F8B07B82C60707ED, StartTime=2016.05.04-16.43.30, HierarchicalDDC=, DataSize=1896, Duration=2.568118, RunGuid=RunID6C10D99643C7542017DE1DAC4F0603A7
DDCTransactionIdD819685F4FB5B9E64B9B9B832FF76543_12, PutCachedData=, CacheKey=PhysX_1D9C17C451EA4FB88CB7A27536A65DB0_PhysXPC_1B2C47B74A500BB791409FA3089B4E3__DC7B2DBB7BDF0F0E23843DA1D303CFC15EB249B9, StartTime=2016.05.04-16.43.30, HierarchicalDDC=, DataSize=1896, Duration=3.152046, RunGuid=RunID6C10D99643C7542017DE1DAC4F0603A7
DDCTransactionIdB5C06A0543E42048D12823B7066DB5FB_18, PutCachedData=, CacheKey=PhysX_1D9C17C451EA4FB88CB7A27536A65DB0_PhysXPC_6DB83DF945D50043E9E5D09A98CF49F__A65A908312DFEE7E91E4984B02EA8AC3FE6B7861, StartTime=2016.05.04-16.43.30, HierarchicalDDC=, DataSize=1896, Duration=2.538428, RunGuid=RunID6C10D99643C7542017DE1DAC4F0603A7
DDCTransactionId89D34B924D4683E9B3F68B861FFE09A2_14, PutCachedData=, CacheKey=PhysX_1D9C17C451EA4FB88CB7A27536A65DB0_PhysXPC_7B6521CA418943DB11F4D99DAB1A21F__60E0859E41F099259104A6444EB23639AFD9E010, StartTime=2016.05.04-16.43.30, HierarchicalDDC=, DataSize=1896, Duration=2.571419, RunGuid=RunID6C10D99643C7542017DE1DAC4F0603A7
DDCTransactionIdB5C06A0543E42048D12823B7066DB5FB_19, PutCachedData=, CacheKey=PhysX_1D9C17C451EA4FB88CB7A27536A65DB0_PhysXPC_E1DBC36541C62132FF4ABD9AA522610__2B3C8846E483FDF7AFF01026D77EA3AE3603794B, StartTime=2016.05.04-16.43.30, HierarchicalDDC=, DataSize=1896, Duration=2.547227, RunGuid=RunID6C10D99643C7542017DE1DAC4F0603A7
DDCTransactionIdD819685F4FB5B9E64B9B9B832FF76543_13, PutCachedData=, CacheKey=PhysX_1D9C17C451EA4FB88CB7A27536A65DB0_PhysXPC_7CF542B542C6611B30437AA92F2E41E__596C7E70131D6917937D6333EA81E9200555E3CF, StartTime=2016.05.04-16.43.30, HierarchicalDDC=, DataSize=1896, Duration=3.136285, RunGuid=RunID6C10D99643C7542017DE1DAC4F0603A7
DDCTransactionId89D34B924D4683E9B3F68B861FFE09A2_15, PutCachedData=, CacheKey=PhysX_1D9C17C451EA4FB88CB7A27536A65DB0_PhysXPC_BDA2DC5647A9EE453E8F3DBCF1E0D50__2BBF5E24FE96AE432A8FAE0DEAD83F9E01423AA0, StartTime=2016.05.04-16.43.30, HierarchicalDDC=, DataSize=1896, Duration=2.565183, RunGuid=RunID6C10D99643C7542017DE1DAC4F0603A7
DDCTransactionIdB5C06A0543E42048D12823B7066DB5FB_20, PutCachedData=, CacheKey=PhysX_1D9C17C451EA4FB88CB7A27536A65DB0_PhysXPC_CC5A54C84BD00A7FC75F57A839ED602__F91248B900BE326E2BA3F355FDAF6899906798E6, StartTime=2016.05.04-16.43.30, HierarchicalDDC=, DataSize=1896, Duration=3.382981, RunGuid=RunID6C10D99643C7542017DE1DAC4F0603A7
DDCTransactionIdD819685F4FB5B9E64B9B9B832FF76543_14, PutCachedData=, CacheKey=PhysX_1D9C17C451EA4FB88CB7A27536A65DB0_PhysXPC_60432979402F79DE11D539ACB532DE0__21005607995867A50988162C51D433E00B189CFA, StartTime=2016.05.04-16.43.30, HierarchicalDDC=, DataSize=1896, Duration=3.309302, RunGuid=RunID6C10D99643C7542017DE1DAC4F0603A7
DDCTransactionIdB5C06A0543E42048D12823B7066DB5FB_21, PutCachedData=, CacheKey=PhysX_1D9C17C451EA4FB88CB7A27536A65DB0_PhysXPC_9837F1CE4505F65C9F34649F1240900__46A1DB80A7E299A74F60C12E826621DDE3EA92D5, StartTime=2016.05.04-16.43.30, HierarchicalDDC=, DataSize=1896, Duration=3.090467, RunGuid=RunID6C10D99643C7542017DE1DAC4F0603A7
DDCTransactionId89D34B924D4683E9B3F68B861FFE09A2_16, PutCachedData=, CacheKey=PhysX_1D9C17C451EA4FB88CB7A27536A65DB0_PhysXPC_5EC0535C439ECDE62B12EF840DE5417__585BD3C1209850F24C227D6C99AB5FF16B830EB2, StartTime=2016.05.04-16.43.30, HierarchicalDDC=, DataSize=1896, Duration=2.666354, RunGuid=RunID6C10D99643C7542017DE1DAC4F0603A7
DDCTransactionIdD819685F4FB5B9E64B9B9B832FF76543_15, PutCachedData=, CacheKey=PhysX_1D9C17C451EA4FB88CB7A27536A65DB0_PhysXPC_7B545CAA41260326458562AF9E98C98__AC92FE57C8211E7385FED5CA3FD76FF7624EE0A4, StartTime=2016.05.04-16.43.31, HierarchicalDDC=, DataSize=1896, Duration=2.563354, RunGuid=RunID6C10D99643C7542017DE1DAC4F0603A7
DDCTransactionIdB5C06A0543E42048D12823B7066DB5FB_22, PutCachedData=, CacheKey=PhysX_1D9C17C451EA4FB88CB7A27536A65DB0_PhysXPC_BAE11BC843D7CEE422F574A1A273CDF__234098C76AA7CCD1CFE7CF0377838A6D9775A75B, StartTime=2016.05.04-16.43.31, HierarchicalDDC=, DataSize=1896, Duration=2.575450, RunGuid=RunID6C10D99643C7542017DE1DAC4F0603A7
DDCTransactionId89D34B924D4683E9B3F68B861FFE09A2_17, PutCachedData=, CacheKey=PhysX_1D9C17C451EA4FB88CB7A27536A65DB0_PhysXPC_37A1A44B4993C3A4069A0D9B3B7FB18__3D14962461B1BF5DCED2CFD0F2D766A7CC28D6C4, StartTime=2016.05.04-16.43.32, HierarchicalDDC=, DataSize=1896, Duration=3.226090, RunGuid=RunID6C10D99643C7542017DE1DAC4F0603A7
DDCTransactionIdB5C06A0543E42048D12823B7066DB5FB_23, PutCachedData=, CacheKey=PhysX_1D9C17C451EA4FB88CB7A27536A65DB0_PhysXPC_7263A3AC4FEE86480CCEB9BFEC46171__DCB74F82E05104FC571B784BC628BCA72FEA8AA5, StartTime=2016.05.04-16.43.32, HierarchicalDDC=, DataSize=1896, Duration=2.735637, RunGuid=RunID6C10D99643C7542017DE1DAC4F0603A7
DDCTransactionId89D34B924D4683E9B3F68B861FFE09A2_18, PutCachedData=, CacheKey=PhysX_1D9C17C451EA4FB88CB7A27536A65DB0_PhysXPC_36650CBF42F4E289E84187B12784C38__38AC7F863FFD7E8FF958B77E530492578BC1C068, StartTime=2016.05.04-16.43.32, HierarchicalDDC=, DataSize=1896, Duration=4.340436, RunGuid=RunID6C10D99643C7542017DE1DAC4F0603A7
DDCTransactionIdD819685F4FB5B9E64B9B9B832FF76543_16, PutCachedData=, CacheKey=PhysX_1D9C17C451EA4FB88CB7A27536A65DB0_PhysXPC_71F617CA450D30BE8AADCCBD02ABB8E__C4C21ED6D63E57AF39F547A1EC0DD285E870E446, StartTime=2016.05.04-16.43.32, HierarchicalDDC=, DataSize=1896, Duration=2.719507, RunGuid=RunID6C10D99643C7542017DE1DAC4F0603A7
DDCTransactionIdB5C06A0543E42048D12823B7066DB5FB_24, PutCachedData=, CacheKey=PhysX_1D9C17C451EA4FB88CB7A27536A65DB0_PhysXPC_D9BE4CB54105F03E8B9482B72CF4C92__1BABEB9BF8CCC5B0320FD40E45721361D7E12733, StartTime=2016.05.04-16.43.32, HierarchicalDDC=, DataSize=1896, Duration=2.672587, RunGuid=RunID6C10D99643C7542017DE1DAC4F0603A7
DDCTransactionId89D34B924D4683E9B3F68B861FFE09A2_19, PutCachedData=, CacheKey=PhysX_1D9C17C451EA4FB88CB7A27536A65DB0_PhysXPC_B09B5D3C4C8C22A4D7FCD199DDC539D__5953ABA253291DB3EEBBB3B50863705BA9E59727, StartTime=2016.05.04-16.43.32, HierarchicalDDC=, DataSize=1896, Duration=2.850368, RunGuid=RunID6C10D99643C7542017DE1DAC4F0603A7
DDCTransactionIdB5C06A0543E42048D12823B7066DB5FB_25, PutCachedData=, CacheKey=PhysX_1D9C17C451EA4FB88CB7A27536A65DB0_PhysXPC_68A6F7F940D8232029334A80DBCADC0__E7F7B3A5C50541FF2503C1F4B39D2B3DD421EE0F, StartTime=2016.05.04-16.43.32, HierarchicalDDC=, DataSize=1896, Duration=2.786588, RunGuid=RunID6C10D99643C7542017DE1DAC4F0603A7
DDCTransactionIdD819685F4FB5B9E64B9B9B832FF76543_17, PutCachedData=, CacheKey=PhysX_1D9C17C451EA4FB88CB7A27536A65DB0_PhysXPC_986C22BF4422C5F2CA231F8C2CA21C3__A48864F9C3EC84FD8A45173594A6261CD4AFF92F, StartTime=2016.05.04-16.43.32, HierarchicalDDC=, DataSize=1896, Duration=3.375649, RunGuid=RunID6C10D99643C7542017DE1DAC4F0603A7
DDCTransactionId89D34B924D4683E9B3F68B861FFE09A2_20, PutCachedData=, CacheKey=PhysX_1D9C17C451EA4FB88CB7A27536A65DB0_PhysXPC_196634614F23B3B73A893CB8F607A83__4BF43DB17ED998DF7D7C7129F1735B5371D60923, StartTime=2016.05.04-16.43.32, HierarchicalDDC=, DataSize=1896, Duration=3.836781, RunGuid=RunID6C10D99643C7542017DE1DAC4F0603A7
DDCTransactionIdB5C06A0543E42048D12823B7066DB5FB_26, PutCachedData=, CacheKey=PhysX_1D9C17C451EA4FB88CB7A27536A65DB0_PhysXPC_00A37E4B40234C5E1CB17493745168D__69991EDD8CDA9CAC5281402AD97C45D6ECC4C512, StartTime=2016.05.04-16.43.32, HierarchicalDDC=, DataSize=1896, Duration=2.514232, RunGuid=RunID6C10D99643C7542017DE1DAC4F0603A7
DDCTransactionIdD819685F4FB5B9E64B9B9B832FF76543_18, PutCachedData=, CacheKey=PhysX_1D9C17C451EA4FB88CB7A27536A65DB0_PhysXPC_D0437DEA481618AF539CEFA649FD3E0__AAA5A76D3DD03E60804CDB8AA3D29505A6C4E415, StartTime=2016.05.04-16.43.32, HierarchicalDDC=, DataSize=1896, Duration=2.676986, RunGuid=RunID6C10D99643C7542017DE1DAC4F0603A7
DDCTransactionIdB5C06A0543E42048D12823B7066DB5FB_27, PutCachedData=, CacheKey=PhysX_1D9C17C451EA4FB88CB7A27536A65DB0_PhysXPC_B5A3B1AC4FB5F241B3BF8091C914DEE__6CDBA17E487A3840257D6FFB67DEB8087F4BB602, StartTime=2016.05.04-16.43.32, HierarchicalDDC=, DataSize=1896, Duration=2.604041, RunGuid=RunID6C10D99643C7542017DE1DAC4F0603A7
DDCTransactionId89D34B924D4683E9B3F68B861FFE09A2_21, PutCachedData=, CacheKey=PhysX_1D9C17C451EA4FB88CB7A27536A65DB0_PhysXPC_6AAB1E274D3C200BCD5ED48C6D3C4E0__A3F2EC0B5D5344B4E416E29816BAEDDEA85261FC, StartTime=2016.05.04-16.43.32, HierarchicalDDC=, DataSize=1896, Duration=2.573982, RunGuid=RunID6C10D99643C7542017DE1DAC4F0603A7
DDCTransactionIdD819685F4FB5B9E64B9B9B832FF76543_19, PutCachedData=, CacheKey=PhysX_1D9C17C451EA4FB88CB7A27536A65DB0_PhysXPC_62D2DD21445A9AD992B632B9866022E__4FFE994EAAC3E80D5CEAF867B0B3B15601A539DE, StartTime=2016.05.04-16.43.32, HierarchicalDDC=, DataSize=1896, Duration=2.943475, RunGuid=RunID6C10D99643C7542017DE1DAC4F0603A7
DDCTransactionIdB5C06A0543E42048D12823B7066DB5FB_28, PutCachedData=, CacheKey=PhysX_1D9C17C451EA4FB88CB7A27536A65DB0_PhysXPC_803BCB7443657F0EC826348D7CA78E1__AB08B5A016EC7D5A25B22EE7CB264FD6C6A1E759, StartTime=2016.05.04-16.43.32, HierarchicalDDC=, DataSize=1896, Duration=2.516434, RunGuid=RunID6C10D99643C7542017DE1DAC4F0603A7
DDCTransactionId89D34B924D4683E9B3F68B861FFE09A2_22, PutCachedData=, CacheKey=PhysX_1D9C17C451EA4FB88CB7A27536A65DB0_PhysXPC_D8D0D7AB45E4C3F4DF9420AF5323F64__13A2D4BC6257396296A9D27A37E078F72345C7D6, StartTime=2016.05.04-16.43.32, HierarchicalDDC=, DataSize=1896, Duration=2.720971, RunGuid=RunID6C10D99643C7542017DE1DAC4F0603A7
DDCTransactionIdB5C06A0543E42048D12823B7066DB5FB_29, PutCachedData=, CacheKey=PhysX_1D9C17C451EA4FB88CB7A27536A65DB0_PhysXPC_8F49EC7B4D315787191A6A9C861B2DE__C12595513F60C08749467C7F9D0445FFF823B9D8, StartTime=2016.05.04-16.43.32, HierarchicalDDC=, DataSize=1896, Duration=3.628209, RunGuid=RunID6C10D99643C7542017DE1DAC4F0603A7
DDCTransactionIdD819685F4FB5B9E64B9B9B832FF76543_20, PutCachedData=, CacheKey=PhysX_1D9C17C451EA4FB88CB7A27536A65DB0_PhysXPC_8AE067CD451E0D6DFA646C829977561__5125C79953CDC72DE712B6BF1D59D472BF592842, StartTime=2016.05.04-16.43.32, HierarchicalDDC=, DataSize=1896, Duration=2.963636, RunGuid=RunID6C10D99643C7542017DE1DAC4F0603A7
DDCTransactionId89D34B924D4683E9B3F68B861FFE09A2_23, PutCachedData=, CacheKey=PhysX_1D9C17C451EA4FB88CB7A27536A65DB0_PhysXPC_DA6F98FD481A573840CD62B3B93D3D3__FFCF430B6D5CB2BB874C74490D28A5EA83F5A596, StartTime=2016.05.04-16.43.32, HierarchicalDDC=, DataSize=1896, Duration=2.674788, RunGuid=RunID6C10D99643C7542017DE1DAC4F0603A7
DDCTransactionIdB5C06A0543E42048D12823B7066DB5FB_30, PutCachedData=, CacheKey=PhysX_1D9C17C451EA4FB88CB7A27536A65DB0_PhysXPC_F56E2E7C4E3FE3ECD7DFC8914A3F29B__6B0623879B4BB3CA54A7CAAFA0CF48EC990996F9, StartTime=2016.05.04-16.43.32, HierarchicalDDC=, DataSize=1896, Duration=3.049042, RunGuid=RunID6C10D99643C7542017DE1DAC4F0603A7
DDCTransactionIdD819685F4FB5B9E64B9B9B832FF76543_21, PutCachedData=, CacheKey=PhysX_1D9C17C451EA4FB88CB7A27536A65DB0_PhysXPC_99CB4E7943A8BD10A6E7DE80F112CEF__1CD93DB8992519257DC450BBF7256A69066F6BA6, StartTime=2016.05.04-16.43.32, HierarchicalDDC=, DataSize=1896, Duration=3.398374, RunGuid=RunID6C10D99643C7542017DE1DAC4F0603A7
DDCTransactionIdB5C06A0543E42048D12823B7066DB5FB_31, PutCachedData=, CacheKey=PhysX_1D9C17C451EA4FB88CB7A27536A65DB0_PhysXPC_F7284D584F3C1FAA2BCB76BC97138B2__A2A32A3559A553D82848107585FCCF37AF08A62F, StartTime=2016.05.04-16.43.32, HierarchicalDDC=, DataSize=1896, Duration=2.813712, RunGuid=RunID6C10D99643C7542017DE1DAC4F0603A7
DDCTransactionId89D34B924D4683E9B3F68B861FFE09A2_24, PutCachedData=, CacheKey=PhysX_1D9C17C451EA4FB88CB7A27536A65DB0_PhysXPC_A4E397994D49F8EBB1872184422A166__29E560C0B06FD23579253584FB1839D88D78B15A, StartTime=2016.05.04-16.43.32, HierarchicalDDC=, DataSize=1896, Duration=2.679184, RunGuid=RunID6C10D99643C7542017DE1DAC4F0603A7
DDCTransactionIdD819685F4FB5B9E64B9B9B832FF76543_22, PutCachedData=, CacheKey=PhysX_1D9C17C451EA4FB88CB7A27536A65DB0_PhysXPC_F21F73DA456D675AA61347ADA5FC2EC__984DF5BC0D70E653C083F20B84D102D2D6648F11, StartTime=2016.05.04-16.43.32, HierarchicalDDC=, DataSize=1896, Duration=2.607707, RunGuid=RunID6C10D99643C7542017DE1DAC4F0603A7
DDCTransactionIdB5C06A0543E42048D12823B7066DB5FB_32, PutCachedData=, CacheKey=PhysX_1D9C17C451EA4FB88CB7A27536A65DB0_PhysXPC_041BAFB8479500130C0B0B8B2254349__2E14AF23353BEB155DB7DB793F68FFAAB1939E11, StartTime=2016.05.04-16.43.32, HierarchicalDDC=, DataSize=1896, Duration=2.919283, RunGuid=RunID6C10D99643C7542017DE1DAC4F0603A7
DDCTransactionId89D34B924D4683E9B3F68B861FFE09A2_25, PutCachedData=, CacheKey=PhysX_1D9C17C451EA4FB88CB7A27536A65DB0_PhysXPC_FAF63B8E4BA29DD2433BE2B17093ECF__D437B0FB98D8CDE1E5B9543B72EA68A49B4B38DC, StartTime=2016.05.04-16.43.32, HierarchicalDDC=, DataSize=1896, Duration=2.874926, RunGuid=RunID6C10D99643C7542017DE1DAC4F0603A7
DDCTransactionIdB5C06A0543E42048D12823B7066DB5FB_33, PutCachedData=, CacheKey=PhysX_1D9C17C451EA4FB88CB7A27536A65DB0_PhysXPC_39C9F67C493DA06635504DAC490554C__90F31486858A139D59AB877CB492D6343CCFF55B, StartTime=2016.05.04-16.43.32, HierarchicalDDC=, DataSize=1896, Duration=2.595607, RunGuid=RunID6C10D99643C7542017DE1DAC4F0603A7
DDCTransactionIdD819685F4FB5B9E64B9B9B832FF76543_23, PutCachedData=, CacheKey=PhysX_1D9C17C451EA4FB88CB7A27536A65DB0_PhysXPC_4205AB1D4F4099DEED17CB87632C3A5__37EA92F30EED88E056EC06ED8D5FE452F9886355, StartTime=2016.05.04-16.43.32, HierarchicalDDC=, DataSize=1896, Duration=2.649493, RunGuid=RunID6C10D99643C7542017DE1DAC4F0603A7
DDCTransactionId89D34B924D4683E9B3F68B861FFE09A2_26, PutCachedData=, CacheKey=PhysX_1D9C17C451EA4FB88CB7A27536A65DB0_PhysXPC_71FB5D49444AC04959AA42A6E589F0F__E5DE05A85E2900C93A4B040313ED48BA71627729, StartTime=2016.05.04-16.43.32, HierarchicalDDC=, DataSize=1896, Duration=2.717678, RunGuid=RunID6C10D99643C7542017DE1DAC4F0603A7
DDCTransactionIdB5C06A0543E42048D12823B7066DB5FB_34, PutCachedData=, CacheKey=PhysX_1D9C17C451EA4FB88CB7A27536A65DB0_PhysXPC_15DB62BE4C658233C06D498A7BD1875__06AC0952BE6B97F102F0CAF2C45FBEC87E4785CE, StartTime=2016.05.04-16.43.32, HierarchicalDDC=, DataSize=1896, Duration=3.306005, RunGuid=RunID6C10D99643C7542017DE1DAC4F0603A7
DDCTransactionIdD819685F4FB5B9E64B9B9B832FF76543_24, PutCachedData=, CacheKey=PhysX_1D9C17C451EA4FB88CB7A27536A65DB0_PhysXPC_E0BD4C5C416BB9179B6C639A6FA8723__A076563EDB11D5602F38A155F77E8335DECE0020, StartTime=2016.05.04-16.43.32, HierarchicalDDC=, DataSize=1896, Duration=2.797585, RunGuid=RunID6C10D99643C7542017DE1DAC4F0603A7
DDCTransactionIdB5C06A0543E42048D12823B7066DB5FB_35, PutCachedData=, CacheKey=PhysX_1D9C17C451EA4FB88CB7A27536A65DB0_PhysXPC_18C862924DA50E7CFC72CB82E8F50EE__A2D458E9A78832A9FF01C7057AB6C74DED690378, StartTime=2016.05.04-16.43.32, HierarchicalDDC=, DataSize=1896, Duration=3.399845, RunGuid=RunID6C10D99643C7542017DE1DAC4F0603A7
DDCTransactionId89D34B924D4683E9B3F68B861FFE09A2_27, PutCachedData=, CacheKey=PhysX_1D9C17C451EA4FB88CB7A27536A65DB0_PhysXPC_64D172014728161718CD58A6029C85B__B62A30FAAA2551C656C4B1AFB9EC59C799FB2851, StartTime=2016.05.04-16.43.32, HierarchicalDDC=, DataSize=1896, Duration=2.757996, RunGuid=RunID6C10D99643C7542017DE1DAC4F0603A7
DDCTransactionIdD819685F4FB5B9E64B9B9B832FF76543_25, PutCachedData=, CacheKey=PhysX_1D9C17C451EA4FB88CB7A27536A65DB0_PhysXPC_0AFEC46B446702F7E65A7883C4231EE__1FBE9992BD63B543203BA3578098749327AEAC72, StartTime=2016.05.04-16.43.32, HierarchicalDDC=, DataSize=1896, Duration=2.743334, RunGuid=RunID6C10D99643C7542017DE1DAC4F0603A7
DDCTransactionIdB5C06A0543E42048D12823B7066DB5FB_36, PutCachedData=, CacheKey=PhysX_1D9C17C451EA4FB88CB7A27536A65DB0_PhysXPC_421DC3B846DF46D51A2CFFA57D495E3__48E7C20DE5B08A252DBB74B783C1184A3440A266, StartTime=2016.05.04-16.43.32, HierarchicalDDC=, DataSize=1896, Duration=3.162313, RunGuid=RunID6C10D99643C7542017DE1DAC4F0603A7
DDCTransactionId89D34B924D4683E9B3F68B861FFE09A2_28, PutCachedData=, CacheKey=PhysX_1D9C17C451EA4FB88CB7A27536A65DB0_PhysXPC_1CAD6AA5419756025E2296A9558CA59__721B5A20E047895A30C0609668BBE8EA40B98305, StartTime=2016.05.04-16.43.32, HierarchicalDDC=, DataSize=1896, Duration=4.146889, RunGuid=RunID6C10D99643C7542017DE1DAC4F0603A7
DDCTransactionIdB5C06A0543E42048D12823B7066DB5FB_37, PutCachedData=, CacheKey=PhysX_1D9C17C451EA4FB88CB7A27536A65DB0_PhysXPC_751B54234730A2AB00673B9AF9D9B64__6EF2E472D862812959368ED391A3E56D543E5B6B, StartTime=2016.05.04-16.43.32, HierarchicalDDC=, DataSize=1896, Duration=3.685758, RunGuid=RunID6C10D99643C7542017DE1DAC4F0603A7
DDCTransactionIdD819685F4FB5B9E64B9B9B832FF76543_26, PutCachedData=, CacheKey=PhysX_1D9C17C451EA4FB88CB7A27536A65DB0_PhysXPC_D7861D884CDAA03446E011B8F6BEEC2__BB623B6B1511180C64F03759BCD0156FB533E073, StartTime=2016.05.04-16.43.57, HierarchicalDDC=, DataSize=1896, Duration=2.991129, RunGuid=RunID6C10D99643C7542017DE1DAC4F0603A7
DDCTransactionId89D34B924D4683E9B3F68B861FFE09A2_29, PutCachedData=, CacheKey=PhysX_1D9C17C451EA4FB88CB7A27536A65DB0_PhysXPC_375F62BF4D718A47E360BB897D6CAB5__F061D62DDB6F975E982FC0F42836F6F27315F4D0, StartTime=2016.05.04-16.43.57, HierarchicalDDC=, DataSize=1896, Duration=3.019720, RunGuid=RunID6C10D99643C7542017DE1DAC4F0603A7
DDCTransactionIdB5C06A0543E42048D12823B7066DB5FB_38, PutCachedData=, CacheKey=STATICMESH_37403C6FB9441A6992E4CB614156E6A_8C68575CEF434CA8A9E1DA4AED8A47BB_09__940647548060BA6CBB1DA2995FBC0394724195D9, StartTime=2016.05.04-16.44.12, HierarchicalDDC=, DataSize=152749, Duration=5.735930, RunGuid=RunID6C10D99643C7542017DE1DAC4F0603A7
DDCTransactionIdD819685F4FB5B9E64B9B9B832FF76543_27, PutCachedData=, CacheKey=PhysX_1D9C17C451EA4FB88CB7A27536A65DB0_PhysXPC_B65784A347C025B6F4EC2DB388AF8D9__CBC53E17AA50D074B7CB852C135D5311AD60AA34, StartTime=2016.05.04-16.44.12, HierarchicalDDC=, DataSize=1278, Duration=4.056715, RunGuid=RunID6C10D99643C7542017DE1DAC4F0603A7
SavePackageTransactionIdB04BA0614020426EECD1BBB39F80733E_36, Filename=C:/Users/Students/Documents/Unreal Projects/Arvind_VR_Proj/Content/InfinityBladeGrassLands/Environments/Plains/Env_Plains_Ruins/StaticMesh/SM_Plains_Castle_Bridge_Wall_01.uasset, AutoPackageBackupDelegate=8.857552, FlushAsyncLoading=0.006597, FlushStreamingFunc=0.042520, BlockTillAllRequestsFinished=0.004031, ResetLoadersForSaveUnMarkAllObjects=0.246327, TagPackageExports=0.024926, BeginCacheForCookedPlatformData=0.001099, SerializeImports=0.300948, GatherLocalizableTextData=0.124995, MarkNames=0.005867, SerializeSummary=0.009529, SerializeNames=0.060484, SerializeGatherableTextData=0.000730, BuildExportMap=0.023093, SortExportsNonSeekfree=0.010632, SortExportsSeekfreeConstructor=0.049852, SortExportsSeekfreeInner=0.435840, SortExportsSeekfree=0.002198, BuildDependencyMap=0.006966, SerializeImportMap=0.007696, SerializeExportMap=0.004034, SerializeDependencyMap=0.001103, SerializeStringAssetReferenceMap=0.001464, SaveThumbNailsAssetRegistryDataWorldLevelInfo=6.517801, SerializeExports=0.206005, SerializeBulkData=0.118032, MoveFile=4.877444, UnaccountedTime=0.776008, RunGuid=RunID6C10D99643C7542017DE1DAC4F0603A7
SavePackageTransactionIdB04BA0614020426EECD1BBB39F80733E_37, Filename=C:/Users/Students/Documents/Unreal Projects/Arvind_VR_Proj/Content/ThirdPersonBP/BP_FloorTile_Down.uasset, AutoPackageBackupDelegate=5.369734, FlushAsyncLoading=0.002198, FlushStreamingFunc=0.059381, BlockTillAllRequestsFinished=0.003666, ResetLoadersForSaveUnMarkAllObjects=0.063051, TagPackageExports=6.423593, BeginCacheForCookedPlatformData=0.004031, SerializeImports=6.851003, GatherLocalizableTextData=7.358324, MarkNames=0.056084, SerializeSummary=0.009894, SerializeNames=0.225801, SerializeGatherableTextData=0.059385, BuildExportMap=0.168983, SortExportsNonSeekfree=0.937294, SortExportsSeekfreeConstructor=0.007696, SortExportsSeekfreeInner=8.618187, SortExportsSeekfree=0.003301, BuildDependencyMap=0.068177, SerializeImportMap=0.012830, SerializeExportMap=0.039954, SerializeDependencyMap=0.007700, SerializeStringAssetReferenceMap=0.001099, SaveThumbNailsAssetRegistryDataWorldLevelInfo=8.871112, SerializeExports=8.042689, SerializeBulkData=0.004765, MoveFile=3.153149, UnaccountedTime=1.007307, RunGuid=RunID6C10D99643C7542017DE1DAC4F0603A7
